"";"cut_comuna";"comuna";"cut_region";"region";"delitos_aumento_2a";"delitos_aumento_3a";"delitos_aumento_5a";"delitos_aumento_10a"
"1";1101;"Iquique";1;"Tarapacá";0,117790634604954;0,327856529209622;-0,0446573437379278;-0,331946620562969
"2";1107;"Alto Hospicio";1;"Tarapacá";0,0447694373974035;0,318704087398757;0,170148754805282;-0,106103166496425
"3";1401;"Pozo Almonte";1;"Tarapacá";0,317494600431965;0,48659626320065;-0,414212548015365;-0,0827067669172933
"4";1402;"Camiña";1;"Tarapacá";0,333333333333333;2,03448275862069;0,571428571428571;0,27536231884058
"5";1403;"Colchane";1;"Tarapacá";0,0594059405940595;0,813559322033898;0,426666666666667;1,43181818181818
"6";1404;"Huara";1;"Tarapacá";-0,0650406504065041;0,116504854368932;-0,0688259109311741;-0,290123456790123
"7";1405;"Pica";1;"Tarapacá";0,375302663438257;0,850162866449511;0,467700258397933;-0,274584929757343
"8";2101;"Antofagasta";2;"Antofagasta";0,308181870305602;0,503921956364116;-0,0210246288509397;-0,247769684590778
"9";2102;"Mejillones";2;"Antofagasta";0,158123370981755;0,0917280917280918;0,251643192488263;-0,427896995708155
"10";2103;"Sierra Gorda";2;"Antofagasta";0,12573673870334;0,384057971014493;0,167006109979633;0,174180327868853
"11";2104;"Taltal";2;"Antofagasta";0,480851063829787;0,27007299270073;-0,194444444444444;-0,435523114355231
"12";2201;"Calama";2;"Antofagasta";0,0632080465854949;0,231996074101337;-0,186223662884927;-0,146958885490996
"13";2202;"Ollagüe";2;"Antofagasta";-0,0714285714285714;-0,277777777777778;-0,0714285714285714;0,857142857142857
"14";2203;"San Pedro de Atacama";2;"Antofagasta";0,126436781609195;0,121281464530892;-0,37219730941704;-0,170194750211685
"15";2301;"Tocopilla";2;"Antofagasta";-0,214320987654321;0,0231511254019292;-0,279438405797101;-0,244180522565321
"16";2302;"María Elena";2;"Antofagasta";0,346491228070176;0,734463276836158;0,358407079646018;0,389140271493213
"17";3101;"Copiapó";3;"Atacama";0,209633562087272;0,188700852525767;-0,0894736842105263;-0,248854225295489
"18";3102;"Caldera";3;"Atacama";0,168218085106383;0,0329218106995885;-0,17122641509434;0,0609903381642511
"19";3103;"Tierra Amarilla";3;"Atacama";0,190919674039581;0,0396341463414633;-0,295454545454545;-0,335282651072125
"20";3201;"Chañaral";3;"Atacama";0,369436201780415;0,102747909199522;-0,119274809160305;-0,132518796992481
"21";3202;"Diego de Almagro";3;"Atacama";0,437267080745342;0,340672074159907;0,0863849765258216;0,177009155645982
"22";3301;"Vallenar";3;"Atacama";0,181179775280899;0,180765180765181;0,0322184719239031;-0,118448637316562
"23";3302;"Alto del Carmen";3;"Atacama";0,0638297872340425;-0,024390243902439;0,0309278350515463;0,183431952662722
"24";3303;"Freirina";3;"Atacama";0,287461773700306;0,220289855072464;0,619230769230769;0,24188790560472
"25";3304;"Huasco";3;"Atacama";0,0487804878048781;0,266775777414075;0,139911634756996;0,420183486238532
"26";4101;"La Serena";4;"Coquimbo";0,259600614439324;0,195238480848652;-0,123879622484715;0,184971098265896
"27";4102;"Coquimbo";4;"Coquimbo";0,0408064710853555;-0,0140667886550778;-0,113795230263158;0,301184816240284
"28";4103;"Andacollo";4;"Coquimbo";-0,011015911872705;0,125348189415042;0,154285714285714;0,224242424242424
"29";4104;"La Higuera";4;"Coquimbo";0,0868055555555556;-0,0979827089337176;-0,287015945330296;0,422727272727273
"30";4105;"Paiguano";4;"Coquimbo";0,106986899563319;-0,271551724137931;-0,290909090909091;0,0950323974082072
"31";4106;"Vicuña";4;"Coquimbo";0,27821363910682;0,0281553398058252;-0,362432269717038;-0,122618061309031
"32";4201;"Illapel";4;"Coquimbo";0,496969696969697;0,440233236151603;-0,0294695481335953;-0,193688792165397
"33";4202;"Canela";4;"Coquimbo";0,132295719844358;-0,0234899328859061;-0,158959537572254;0,13671875
"34";4203;"Los Vilos";4;"Coquimbo";0,100062150403978;0,00797266514806383;-0,0524625267665952;0,171409662475182
"35";4204;"Salamanca";4;"Coquimbo";0,46267087276551;0,122679580306699;0,130894308943089;-0,104314230521571
"36";4301;"Ovalle";4;"Coquimbo";0,185373553139249;0,275523683713908;0,0773031558814155;0,217179902755267
"37";4302;"Combarbalá";4;"Coquimbo";-0,253602305475504;-0,201848998459168;-0,0281425891181989;-0,0335820895522388
"38";4303;"Monte Patria";4;"Coquimbo";0,10119940029985;0,142301710730949;-0,116125150421179;0,0425833924769341
"39";4304;"Punitaqui";4;"Coquimbo";0,162094763092269;-0,0772277227722772;0,0108459869848156;0,0737327188940091
"40";4305;"Río Hurtado";4;"Coquimbo";-0,11038961038961;0,245454545454545;0,191304347826087;0,593023255813953
"41";5101;"Valparaíso";5;"Valparaíso";0,146969512935746;0,270843146490815;-0,224330540496139;-0,234702974309101
"42";5102;"Casablanca";5;"Valparaíso";0,232142857142857;-0,00222469410456061;-0,193707865168539;0,0448456610366919
"43";5103;"Concón";5;"Valparaíso";0,376099327470254;0,350939563230066;-0,0802213001383126;-0,100743745774172
"44";5104;"Juan Fernández";5;"Valparaíso";0,141304347826087;0,75;0,381578947368421;0,05
"45";5105;"Puchuncaví";5;"Valparaíso";-0,0339377033937703;-0,17375745526839;-0,113481228668942;-0,0698299015219338
"46";5107;"Quintero";5;"Valparaíso";0,135572139303483;-0,0252669039145907;-0,1223966677347;-0,004
"47";5109;"Viña del Mar";5;"Valparaíso";0,0931293463143255;0,0821721650052321;-0,374633991088479;-0,275425916365514
"48";5201;"Isla de Pascua";5;"Valparaíso";-0,206847360912982;-0,101777059773829;-0,303258145363409;-0,25668449197861
"49";5301;"Los Andes";5;"Valparaíso";0,265675500969619;0,324763193504736;0,0340639028254555;0,0743484224965707
"50";5302;"Calle Larga";5;"Valparaíso";0,364891518737673;0,203478260869565;0,134426229508197;0,354207436399217
"51";5303;"Rinconada";5;"Valparaíso";0,417874396135266;0,310267857142857;0,238396624472574;0,328054298642534
"52";5304;"San Esteban";5;"Valparaíso";0,277089783281734;0,348039215686275;0,238738738738739;0,197387518142235
"53";5401;"La Ligua";5;"Valparaíso";0,471887550200803;0,565124555160142;0,15615141955836;0,12711430035879
"54";5402;"Cabildo";5;"Valparaíso";0,470873786407767;0,332844574780059;-0,0705521472392638;-0,105314960629921
"55";5403;"Papudo";5;"Valparaíso";-0,181603773584906;-0,0414364640883977;-0,0570652173913043;-0,0939947780678851
"56";5404;"Petorca";5;"Valparaíso";0,586363636363636;0,442148760330578;0,0738461538461539;-0,0668449197860963
"57";5405;"Zapallar";5;"Valparaíso";-0,0801886792452831;-0,0887850467289719;-0,178370786516854;-0,178370786516854
"58";5501;"Quillota";5;"Valparaíso";0,384234828496042;0,142351660315732;0,0357847976307997;-0,000714285714285667
"59";5502;"Calera";5;"Valparaíso";0,150814503415659;0,160572337042925;0,0703812316715542;-0,344899790607239
"60";5503;"Hijuelas";5;"Valparaíso";0,327787021630616;-0,242884250474383;0,414893617021277;0,146551724137931
"61";5504;"La Cruz";5;"Valparaíso";0,397916666666667;0,278095238095238;0,191829484902309;0,400835073068893
"62";5506;"Nogales";5;"Valparaíso";-0,177703269069572;-0,392569659442724;-0,195901639344262;-0,145470383275261
"63";5601;"San Antonio";5;"Valparaíso";-0,0168605631428089;0,0511988462231836;-0,38112927191679;-0,081876869784286
"64";5602;"Algarrobo";5;"Valparaíso";0,0643564356435644;-0,0249433106575964;-0,29198682766191;-0,318901795142555
"65";5603;"Cartagena";5;"Valparaíso";0,507194244604317;0,888450704225352;0,321766561514196;0,329103885804917
"66";5604;"El Quisco";5;"Valparaíso";0,367416496250852;0,343603482920295;-0,125925925925926;-0,313483915126626
"67";5605;"El Tabo";5;"Valparaíso";0,25307881773399;0,325732899022801;0,253850893407271;0,25
"68";5606;"Santo Domingo";5;"Valparaíso";0,621621621621622;0,714285714285714;0,286549707602339;0,238273921200751
"69";5701;"San Felipe";5;"Valparaíso";0,114377338321753;0,104050833995234;-0,148805878750765;-0,238077836652658
"70";5702;"Catemu";5;"Valparaíso";0,207843137254902;0,264887063655031;0,283333333333333;-0,113669064748201
"71";5703;"Llaillay";5;"Valparaíso";0,344862665310275;0,285992217898833;0,145580589254766;-0,0300807043286867
"72";5704;"Panquehue";5;"Valparaíso";0,25503355704698;0,0625;-0,081081081081081;0,0747126436781609
"73";5705;"Putaendo";5;"Valparaíso";0,0731343283582089;0,161550888529887;-0,0244233378561737;-0,183881952326901
"74";5706;"Santa María";5;"Valparaíso";0,352490421455939;0,0568862275449102;-0,0288858321870702;-0,132678132678133
"75";5801;"Quilpué";5;"Valparaíso";0,0278960505065335;-0,0498099891422367;0,0227903579254931;-0,185361880381662
"76";5802;"Limache";5;"Valparaíso";0,486782720825274;0,512131147540984;0,159959758551308;0,167004048582996
"77";5803;"Olmué";5;"Valparaíso";0,345201238390093;0,283604135893649;0,455611390284757;0,174324324324324
"78";5804;"Villa Alemana";5;"Valparaíso";0,174128058302967;0,106179499754782;-0,137970571373973;-0,230336120116021
"79";6101;"Rancagua";6;"Libertador Gral. Bernardo O'Higgins";0,352862947912819;0,419127334728358;-0,103061474406074;-0,115325152188617
"80";6102;"Codegua";6;"Libertador Gral. Bernardo O'Higgins";0,28;0,28;0,100286532951289;0,153153153153153
"81";6103;"Coinco";6;"Libertador Gral. Bernardo O'Higgins";0,315972222222222;0,348754448398576;0,0922190201729107;0,0243243243243243
"82";6104;"Coltauco";6;"Libertador Gral. Bernardo O'Higgins";0,0239680426098536;0,199687987519501;0,0755244755244755;0,262725779967159
"83";6105;"Doñihue";6;"Libertador Gral. Bernardo O'Higgins";0,0945157526254377;-0,00424628450106157;-0,122544434050515;-0,160250671441361
"84";6106;"Graneros";6;"Libertador Gral. Bernardo O'Higgins";0,541246290801187;0,599137931034483;0,512521840419336;0,457351290684624
"85";6107;"Las Cabras";6;"Libertador Gral. Bernardo O'Higgins";0,419684308263695;0,130917159763314;-0,135669869983041;0,254306808859721
"86";6108;"Machalí";6;"Libertador Gral. Bernardo O'Higgins";0,249172576832151;0,228265922826592;0,212482790270766;0,0593424218123497
"87";6109;"Malloa";6;"Libertador Gral. Bernardo O'Higgins";0,154499151103565;0,302681992337165;-0,00439238653001461;0,0493827160493827
"88";6110;"Mostazal";6;"Libertador Gral. Bernardo O'Higgins";0,0687858259510161;0,00637880274779201;-0,0535302261190586;0,131898454746137
"89";6111;"Olivar";6;"Libertador Gral. Bernardo O'Higgins";-0,0651085141903172;-0,0774299835255354;-0,041095890410959;-0,222222222222222
"90";6112;"Peumo";6;"Libertador Gral. Bernardo O'Higgins";0,352941176470588;0,288381742738589;-0,0619335347432024;0,167293233082707
"91";6113;"Pichidegua";6;"Libertador Gral. Bernardo O'Higgins";0,448148148148148;0,168908819133034;-0,105263157894737;0,14327485380117
"92";6114;"Quinta de Tilcoco";6;"Libertador Gral. Bernardo O'Higgins";0,182108626198083;0,644444444444444;0,355311355311355;0,465346534653465
"93";6115;"Rengo";6;"Libertador Gral. Bernardo O'Higgins";0,305335255948089;0,352633545013074;-0,210250817884406;0,0220152413209145
"94";6116;"Requínoa";6;"Libertador Gral. Bernardo O'Higgins";0,545602605863192;0,385401459854015;0,160146699266504;0,00211193241816265
"95";6117;"San Vicente";6;"Libertador Gral. Bernardo O'Higgins";0,24375;0,157537566650509;-0,146533238027162;0,00887198986058291
"96";6201;"Pichilemu";6;"Libertador Gral. Bernardo O'Higgins";-0,0851183765501691;-0,0820135746606335;-0,34845443596949;0,324897959183673
"97";6202;"La Estrella";6;"Libertador Gral. Bernardo O'Higgins";0,706293706293706;0,311827956989247;0,615894039735099;0,921259842519685
"98";6203;"Litueche";6;"Libertador Gral. Bernardo O'Higgins";-0,0458333333333333;0,511551155115512;0,440251572327044;0,449367088607595
"99";6204;"Marchihue";6;"Libertador Gral. Bernardo O'Higgins";0,104477611940299;0,0724637681159421;-0,246819338422392;0,034965034965035
"100";6205;"Navidad";6;"Libertador Gral. Bernardo O'Higgins";0,0233009708737864;0,501424501424501;0,222737819025522;0,420485175202156
"101";6206;"Paredones";6;"Libertador Gral. Bernardo O'Higgins";0,941520467836257;1;0,627450980392157;0,267175572519084
"102";6301;"San Fernando";6;"Libertador Gral. Bernardo O'Higgins";0,260390861546931;0,171099744245524;0,0168776371308017;-0,205034722222222
"103";6302;"Chépica";6;"Libertador Gral. Bernardo O'Higgins";0,982089552238806;0,452954048140044;0,22962962962963;-0,108724832214765
"104";6303;"Chimbarongo";6;"Libertador Gral. Bernardo O'Higgins";-0,229719188767551;-0,227912431587177;-0,279985417426176;0,407697790449038
"105";6304;"Lolol";6;"Libertador Gral. Bernardo O'Higgins";0,116666666666667;0,145299145299145;-0,151898734177215;0,333333333333333
"106";6305;"Nancagua";6;"Libertador Gral. Bernardo O'Higgins";-0,0388888888888889;-0,0367483296213809;-0,0961337513061651;0,461148648648649
"107";6306;"Palmilla";6;"Libertador Gral. Bernardo O'Higgins";0,492957746478873;0,331658291457287;0,0114503816793894;0,0578842315369261
"108";6307;"Peralillo";6;"Libertador Gral. Bernardo O'Higgins";0,448598130841122;0,712707182320442;0,538461538461539;0,455399061032864
"109";6308;"Placilla";6;"Libertador Gral. Bernardo O'Higgins";0,174285714285714;-0,0907079646017699;-0,0927152317880795;-0,0701357466063348
"110";6309;"Pumanque";6;"Libertador Gral. Bernardo O'Higgins";0,705882352941176;0,886178861788618;0,982905982905983;0,757575757575758
"111";6310;"Santa Cruz";6;"Libertador Gral. Bernardo O'Higgins";0,314317673378076;0,247346072186837;-0,0667196187450357;-0,281784841075795
"112";7101;"Talca";7;"Maule";0,358207388748951;0,291388085021455;-0,110645316473095;-0,153075916230367
"113";7102;"Constitución";7;"Maule";0,421345191773207;-0,00853043815432342;-0,21104597346498;-0,381620314389359
"114";7103;"Curepto";7;"Maule";-0,0949367088607594;-0,189801699716714;-0,0803858520900321;-0,0833333333333334
"115";7104;"Empedrado";7;"Maule";0,538461538461539;0;0,212121212121212;-0,6
"116";7105;"Maule";7;"Maule";0,288450377248984;0,331733653269346;0,213778020776381;0,19935170178282
"117";7106;"Pelarco";7;"Maule";0,29616724738676;0,305263157894737;0,28719723183391;0,117117117117117
"118";7107;"Pencahue";7;"Maule";-0,0225409836065574;0,169117647058824;0,0791855203619909;-0,215460526315789
"119";7108;"Río Claro";7;"Maule";-0,0751173708920188;-0,107250755287009;0,0863970588235294;0,325112107623318
"120";7109;"San Clemente";7;"Maule";0,725975975975976;0,763036809815951;0,208727655099895;0,400975015234613
"121";7110;"San Rafael";7;"Maule";0,271070615034169;0,49597855227882;0,409090909090909;0,319148936170213
"122";7201;"Cauquenes";7;"Maule";0,25142135186355;0,243565599497803;0,130062749572162;-0,043918918918919
"123";7202;"Chanco";7;"Maule";-0,120401337792642;-0,123333333333333;-0,252840909090909;-0,379716981132076
"124";7203;"Pelluhue";7;"Maule";0,101307189542484;-0,0398860398860399;-0,355640535372849;0,180385288966725
"125";7301;"Curicó";7;"Maule";0,32146972218666;0,404544836032113;-0,0138530620043947;0,0889334317966031
"126";7302;"Hualañé";7;"Maule";0,597597597597598;0,465564738292011;0,80952380952381;0,738562091503268
"127";7303;"Licantén";7;"Maule";1,37719298245614;0,637462235649547;0,0284629981024669;0,126819126819127
"128";7304;"Molina";7;"Maule";0,125148986889154;-0,0190509179078628;0,083397092578424;-0,189931350114417
"129";7305;"Rauco";7;"Maule";0,134078212290503;0,26875;0,0278481012658227;-0,141649048625793
"130";7306;"Romeral";7;"Maule";0,299191374663073;0,419734904270987;0,287049399198932;0,489953632148377
"131";7307;"Sagrada Familia";7;"Maule";0,0469168900804289;0,155325443786982;0,176204819277108;-0,285452881976212
"132";7308;"Teno";7;"Maule";0,420641803989592;0,392857142857143;0,168330955777461;0,331707317073171
"133";7309;"Vichuquén";7;"Maule";0,304761904761905;0,00735294117647056;0,419689119170984;0,298578199052133
"134";7401;"Linares";7;"Maule";0,269623722900573;0,207059938403222;-0,152105175569978;-0,203283815480844
"135";7402;"Colbún";7;"Maule";0,094900849858357;-0,0731414868105515;-0,085207100591716;0,0334224598930482
"136";7403;"Longaví";7;"Maule";0,0991869918699186;0,234703196347032;0,0965125709651258;0,154568744662682
"137";7404;"Parral";7;"Maule";0,162462159434914;0,166582278481013;-0,167329237441272;0,036903690369037
"138";7405;"Retiro";7;"Maule";0,283406754772394;0,146981627296588;-0,0712008501594049;0,0542822677925212
"139";7406;"San Javier";7;"Maule";0,352574985851726;-0,0825335892514395;-0,140596907587199;0,121539183481933
"140";7407;"Villa Alegre";7;"Maule";0,0467171717171717;-0,27787456445993;0,00363196125907983;-0,0427251732101617
"141";7408;"Yerbas Buenas";7;"Maule";0,140105078809107;0,185792349726776;0,101522842639594;0,0760330578512396
"142";8101;"Concepción";8;"Biobío";0,265137269650245;0,500713775874375;0,0762044916501377;-0,116782188615837
"143";8102;"Coronel";8;"Biobío";0,18595450049456;0,155941190648349;-0,130214000725426;-0,215314136125654
"144";8103;"Chiguayante";8;"Biobío";0,23051010587103;0,260226712666338;0,0122723673792557;-0,42110029431741
"145";8104;"Florida";8;"Biobío";0,168067226890756;0,249438202247191;0,0550284629981024;0,0570342205323193
"146";8105;"Hualqui";8;"Biobío";0,123867069486405;0,396745932415519;0,28719723183391;-0,147440794499618
"147";8106;"Lota";8;"Biobío";0,308176100628931;0,460674157303371;-0,0743213173119716;-0,224748415952292
"148";8107;"Penco";8;"Biobío";0,0433746425166825;0,042877560743211;-0,10980073200488;-0,409973045822102
"149";8108;"San Pedro de la Paz";8;"Biobío";0,239150723285114;0,465507726269316;0,211174458380844;-0,137124289195776
"150";8109;"Santa Juana";8;"Biobío";0,430188679245283;0,269681742043551;0,00932090545938746;-0,0778588807785888
"151";8110;"Talcahuano";8;"Biobío";0,258364312267658;0,316887709991158;0,0345929424840234;-0,104066410009625
"152";8111;"Tomé";8;"Biobío";0,154846335697399;0,136927851047324;-0,122717749176893;-0,239885892116183
"153";8112;"Hualpén";8;"Biobío";0,261548064918852;0,335315493888338;0,277093206951027;-0,0971632789814608
"154";8201;"Lebu";8;"Biobío";1,43986054619407;1,55724725943971;1,47290930506478;1,47145379635079
"155";8202;"Arauco";8;"Biobío";0,283746556473829;0,201650335224342;0,133268482490272;-0,0805051302288872
"156";8203;"Cañete";8;"Biobío";0,145478374836173;0,166110740493662;-0,168806466951973;-0,0642398286937902
"157";8204;"Contulmo";8;"Biobío";0,0373134328358209;0,148760330578512;-0,0764119601328903;-0,196531791907514
"158";8205;"Curanilahue";8;"Biobío";-0,0152322924600152;-0,086864406779661;-0,156005221932115;-0,430145438519171
"159";8206;"Los Alamos";8;"Biobío";0,157303370786517;0,429028815368196;0,270398481973435;-0,0958811613774476
"160";8207;"Tirúa";8;"Biobío";0,0670859538784068;0,156818181818182;-0,239162929745889;-0,189490445859873
"161";8301;"Los Angeles";8;"Biobío";0,310672195547796;0,340812681402099;0,0841231158046756;-0,21573620633366
"162";8302;"Antuco";8;"Biobío";-0,390572390572391;-0,0572916666666666;0,0168539325842696;-0,0717948717948718
"163";8303;"Cabrero";8;"Biobío";0,332731648616125;0,622710622710623;0,374069478908189;0,252828054298643
"164";8304;"Laja";8;"Biobío";0,123919308357349;-0,0184563758389261;0,00429184549356232;-0,0346534653465347
"165";8305;"Mulchén";8;"Biobío";0,403973509933775;0,448087431693989;0,476323119777159;0,27710843373494
"166";8306;"Nacimiento";8;"Biobío";0,0879017013232515;0,339930151338766;0,18659793814433;0,032286995515695
"167";8307;"Negrete";8;"Biobío";0,00332778702163061;0,322368421052632;0,558139534883721;0,456521739130435
"168";8308;"Quilaco";8;"Biobío";-0,148648648648649;0,227272727272727;0,0738636363636365;-0,050251256281407
"169";8309;"Quilleco";8;"Biobío";0,193877551020408;0,0384615384615385;-0,0883116883116883;0,0415430267062316
"170";8310;"San Rosendo";8;"Biobío";0,420118343195266;-0,178082191780822;0,0526315789473684;0,0666666666666667
"171";8311;"Santa Bárbara";8;"Biobío";0,0953800298062593;0,0194174757281553;-0,101466992665037;-0,370179948586118
"172";8312;"Tucapel";8;"Biobío";0,32952691680261;0,205621301775148;0,356073211314476;0,182873730043541
"173";8313;"Yumbel";8;"Biobío";0,553427419354839;0,717948717948718;0,320479862896315;0,541
"174";8314;"Alto Biobío";8;"Biobío";0,00664451827242529;-0,27511961722488;-0,0982142857142857;-0,0648148148148148
"175";9101;"Temuco";9;"La Araucanía";0,46644697423607;0,384430460298381;-0,0487295340815236;-0,189569536423841
"176";9102;"Carahue";9;"La Araucanía";0,116201117318436;0,239454094292804;-0,059322033898305;-0,350455136540962
"177";9103;"Cunco";9;"La Araucanía";0,206327372764787;0,125802310654686;-0,0864583333333333;0,112944162436548
"178";9104;"Curarrehue";9;"La Araucanía";0,0460829493087558;0,409937888198758;-0,130268199233716;-0,152985074626866
"179";9105;"Freire";9;"La Araucanía";0,477450980392157;0,42304060434372;0,108088235294118;0,255833333333333
"180";9106;"Galvarino";9;"La Araucanía";0,491725768321513;0,405345211581292;0,274747474747475;0,651832460732984
"181";9107;"Gorbea";9;"La Araucanía";0,300711743772242;0,129829984544049;-0,0839598997493735;-0,117149758454106
"182";9108;"Lautaro";9;"La Araucanía";0,257127487896719;0,309977578475336;-0,0414273995077933;0,327840909090909
"183";9109;"Loncoche";9;"La Araucanía";0,414485165794066;0,371404399323181;0,218796992481203;-0,0305023923444976
"184";9110;"Melipeuco";9;"La Araucanía";0,279475982532751;0,236286919831224;0,268398268398268;-0,109422492401216
"185";9111;"Nueva Imperial";9;"La Araucanía";0,192159383033419;-0,0564598168870803;-0,104297440849831;-0,101694915254237
"186";9112;"Padre Las Casas";9;"La Araucanía";0,163920922570016;0,253215077605321;0,0408839779005525;-0,14207650273224
"187";9113;"Perquenco";9;"La Araucanía";-0,158924205378973;-0,243956043956044;-0,274261603375527;0,387096774193548
"188";9114;"Pitrufquén";9;"La Araucanía";0,38255033557047;0,466937945066124;0,203672787979967;0,264912280701754
"189";9115;"Pucón";9;"La Araucanía";-0,110597658656808;0,29752808988764;-0,0509533201840894;0,0274021352313167
"190";9116;"Saavedra";9;"La Araucanía";0,577395577395577;0,532219570405728;0,343096234309623;0,00943396226415105
"191";9117;"Teodoro Schmidt";9;"La Araucanía";0,348134991119005;0,260797342192691;0,1859375;0,0368852459016393
"192";9118;"Toltén";9;"La Araucanía";0,0748129675810474;0,267647058823529;-0,00691244239631339;-0,111340206185567
"193";9119;"Vilcún";9;"La Araucanía";0,324701195219123;0,37396694214876;0,340725806451613;0,0848287112561175
"194";9120;"Villarrica";9;"La Araucanía";0,416156202143951;0,515362556329373;0,257735464127848;0,200584225900682
"195";9121;"Cholchol";9;"La Araucanía";0,094142259414226;0,105708245243129;0,0630081300813008;-0,230882352941176
"196";9201;"Angol";9;"La Araucanía";0,0503271263210872;-0,0233972859148339;-0,169848846459825;-0,325468648998061
"197";9202;"Collipulli";9;"La Araucanía";0,152812762384551;-0,01294033069734;-0,146674953387197;-0,323311976343026
"198";9203;"Curacautín";9;"La Araucanía";-0,11214953271028;0,0160427807486632;-0,0765492102065614;-0,085439229843562
"199";9204;"Ercilla";9;"La Araucanía";-0,193784277879342;-0,00451467268623029;-0,409638554216867;-0,256323777403035
"200";9205;"Lonquimay";9;"La Araucanía";0,0581896551724137;0,0886917960088691;-0,192434210526316;0,383098591549296
"201";9206;"Los Sauces";9;"La Araucanía";-0,0485933503836317;0,0219780219780219;-0,03125;-0,173333333333333
"202";9207;"Lumaco";9;"La Araucanía";0,508650519031142;0,657794676806084;0,112244897959184;-0,136633663366337
"203";9208;"Purén";9;"La Araucanía";0,246851385390428;0,076086956521739;-0,0119760479041916;-0,201612903225806
"204";9209;"Renaico";9;"La Araucanía";0,0901960784313725;0,137014314928425;-0,068676716917923;0,00724637681159424
"205";9210;"Traiguén";9;"La Araucanía";0,41238670694864;0,236772486772487;0,0412026726057906;0,00214362272240076
"206";9211;"Victoria";9;"La Araucanía";0,0267349260523322;0,0349770642201834;-0,231587909748829;-0,169733210671573
"207";10101;"Puerto Montt";10;"Los Lagos";0,18400169370971;0,614776098318972;0,0353697749196142;0,130886426592798
"208";10102;"Calbuco";10;"Los Lagos";0,0719079578139981;0,125881168177241;-0,205965909090909;-0,162860351928117
"209";10103;"Cochamó";10;"Los Lagos";0,053763440860215;0,333333333333333;0,107344632768362;0,248407643312102
"210";10104;"Fresia";10;"Los Lagos";0,444094488188976;0,608771929824561;-0,0296296296296297;0,214569536423841
"211";10105;"Frutillar";10;"Los Lagos";0,525657071339174;0,461630695443645;0,25025641025641;0,182347235693501
"212";10106;"Los Muermos";10;"Los Lagos";0,161004431314623;0,31438127090301;0,149122807017544;-0,120805369127517
"213";10107;"Llanquihue";10;"Los Lagos";0,353276353276353;0,626712328767123;0,56078860898138;0,517571884984026
"214";10108;"Maullín";10;"Los Lagos";0,240356083086053;0,464098073555166;0,177464788732394;0,143638850889193
"215";10109;"Puerto Varas";10;"Los Lagos";0,0706699346405228;0,212303422756707;-0,0952709699689334;-0,112428039282086
"216";10201;"Castro";10;"Los Lagos";0,495442114858706;0,439035087719298;0,254204892966361;-0,203447438698713
"217";10202;"Ancud";10;"Los Lagos";-0,115367679436372;-0,156236875262495;-0,358351964228681;-0,524271844660194
"218";10203;"Chonchi";10;"Los Lagos";0,0332446808510638;-0,0275344180225282;0,335051546391752;0,134306569343066
"219";10204;"Curaco de Vélez";10;"Los Lagos";-0,073394495412844;-0,00980392156862742;-0,0194174757281553;-0,36875
"220";10205;"Dalcahue";10;"Los Lagos";0,534188034188034;0,468302658486708;0,483471074380165;-0,130750605326877
"221";10206;"Puqueldón";10;"Los Lagos";0,465346534653465;0,0802919708029197;0,37037037037037;-0,237113402061856
"222";10207;"Queilén";10;"Los Lagos";0,107142857142857;0,438144329896907;0,788461538461539;-0,0822368421052632
"223";10208;"Quellón";10;"Los Lagos";-0,0391032325338895;-0,113516113516114;0,124466137888957;-0,379043126684636
"224";10209;"Quemchi";10;"Los Lagos";0,168224299065421;0,336898395721925;-0,0196078431372549;-0,320652173913043
"225";10210;"Quinchao";10;"Los Lagos";-0,0623229461756374;0,0153374233128833;-0,00301204819277112;-0,261160714285714
"226";10301;"Osorno";10;"Los Lagos";0,252861230329041;0,475568660488627;0,177215189873418;-0,0697530317783482
"227";10302;"Puerto Octay";10;"Los Lagos";0,38728323699422;0,0619469026548674;0,129411764705882;0,0810810810810811
"228";10303;"Purranque";10;"Los Lagos";0,228260869565217;0,331151832460733;-0,0369318181818182;-0,142495784148398
"229";10304;"Puyehue";10;"Los Lagos";0,286868686868687;0,246575342465754;-0,0348484848484848;0,217973231357553
"230";10305;"Río Negro";10;"Los Lagos";0,191756272401434;0,511363636363636;0,146551724137931;-0,0220588235294118
"231";10306;"San Juan de la Costa";10;"Los Lagos";0,464285714285714;0,428954423592493;0,24824355971897;0,168859649122807
"232";10307;"San Pablo";10;"Los Lagos";0,291457286432161;0;-0,0551470588235294;0,0383838383838384
"233";10401;"Chaitén";10;"Los Lagos";0,7265625;0,0728155339805825;-0,140077821011673;-0,172284644194757
"234";10402;"Futaleufú";10;"Los Lagos";0,553191489361702;-0,130952380952381;-0,109756097560976;0,258620689655172
"235";10403;"Hualaihué";10;"Los Lagos";0,419117647058824;0,608333333333333;0,226694915254237;-0,0186440677966102
"236";10404;"Palena";10;"Los Lagos";-0,141025641025641;-0,0147058823529411;-0,0289855072463768;-0,182926829268293
"237";11101;"Coihaique";11;"Aysén del General Carlos Ibáñez del Campo";0,0178716490658002;-0,11166253101737;-0,250598086124402;-0,54286756658154
"238";11102;"Lago Verde";11;"Aysén del General Carlos Ibáñez del Campo";-0,114754098360656;-0,194029850746269;0,6875;0,542857142857143
"239";11201;"Aisén";11;"Aysén del General Carlos Ibáñez del Campo";0,103129445234708;0,091484869809993;-0,0348475420037336;-0,215080971659919
"240";11202;"Cisnes";11;"Aysén del General Carlos Ibáñez del Campo";-0,303703703703704;0,175;0,0329670329670331;0,0867052023121386
"241";11203;"Guaitecas";11;"Aysén del General Carlos Ibáñez del Campo";0,824817518248175;1,08333333333333;0,373626373626374;1,35849056603774
"242";11301;"Cochrane";11;"Aysén del General Carlos Ibáñez del Campo";0,0245231607629428;0,319298245614035;0,292096219931272;1,04347826086957
"243";11302;"O'Higgins";11;"Aysén del General Carlos Ibáñez del Campo";-0,310344827586207;-0,0909090909090909;-0,0476190476190477;-0,534883720930233
"244";11303;"Tortel";11;"Aysén del General Carlos Ibáñez del Campo";0,258064516129032;0,344827586206897;1,4375;0,56
"245";11401;"Chile Chico";11;"Aysén del General Carlos Ibáñez del Campo";-0,526543878656555;0,0186480186480187;-0,149805447470817;-0,245250431778929
"246";11402;"Río Ibáñez";11;"Aysén del General Carlos Ibáñez del Campo";-0,140350877192982;-0,352422907488987;-0,187845303867403;0,0425531914893618
"247";12101;"Punta Arenas";12;"Magallanes y de la Antártica Chilena";0,0683810637054354;0,364179104477612;-0,0404199475065616;-0,46783114992722
"248";12102;"Laguna Blanca";12;"Magallanes y de la Antártica Chilena";-0,0769230769230769;0,5;-0,333333333333333;-0,478260869565217
"249";12103;"Río Verde";12;"Magallanes y de la Antártica Chilena";3;0,333333333333333;-0,2;-0,666666666666667
"250";12104;"San Gregorio";12;"Magallanes y de la Antártica Chilena";0,24;1,38461538461538;0,0333333333333334;-0,0606060606060606
"251";12201;"Cabo de Hornos";12;"Magallanes y de la Antártica Chilena";0,481818181818182;0,455357142857143;0,63;0,697916666666667
"252";12301;"Porvenir";12;"Magallanes y de la Antártica Chilena";0,0797342192691031;-0,00914634146341464;-0,0298507462686567;-0,461028192371476
"253";12302;"Primavera";12;"Magallanes y de la Antártica Chilena";1,17857142857143;0,452380952380952;0,605263157894737;0,605263157894737
"254";12303;"Timaukel";12;"Magallanes y de la Antártica Chilena";-0,25;-0,454545454545455;1;1
"255";12401;"Natales";12;"Magallanes y de la Antártica Chilena";-0,0645472061657033;0,206211180124224;0,0135699373695197;-0,406479217603912
"256";12402;"Torres del Paine";12;"Magallanes y de la Antártica Chilena";0,227272727272727;0,588235294117647;0;0,173913043478261
"257";13101;"Santiago";13;"Metropolitana de Santiago";0,264846688703978;0,572076220160091;-0,186577968369161;-0,134708359326263
"258";13102;"Cerrillos";13;"Metropolitana de Santiago";0,247728256166162;0,353120600656968;0,016032417195208;-0,0872111427666983
"259";13103;"Cerro Navia";13;"Metropolitana de Santiago";0,513091410197519;0,603309807739109;0,327958072969159;0,384906453647257
"260";13104;"Conchalí";13;"Metropolitana de Santiago";0,328291435875586;0,185361216730038;-0,0355761794276875;-0,141421096116772
"261";13105;"El Bosque";13;"Metropolitana de Santiago";0,186094069529652;0,176036866359447;-0,131736526946108;-0,304101221640489
"262";13106;"Estación Central";13;"Metropolitana de Santiago";0,677794067892185;0,587896253602306;0,0244456686406831;0,14
"263";13107;"Huechuraba";13;"Metropolitana de Santiago";0,286659316427784;0,298831385642738;-0,0422650800164136;-0,216120906801008
"264";13108;"Independencia";13;"Metropolitana de Santiago";0,820528332325066;0,873806558738066;0,331956329300679;0,326281768767445
"265";13109;"La Cisterna";13;"Metropolitana de Santiago";0,367325916769675;0,462216347213042;0,0732535575679172;-0,167461113898645
"266";13110;"La Florida";13;"Metropolitana de Santiago";0,193985078070918;0,118452338064702;-0,207322677832814;-0,341380627094913
"267";13111;"La Granja";13;"Metropolitana de Santiago";0,241220735785953;0,200323428340408;-0,166830363406763;-0,146593848807128
"268";13112;"La Pintana";13;"Metropolitana de Santiago";0,208952730916987;0,132707355242567;-0,125634211162116;-0,233830845771144
"269";13113;"La Reina";13;"Metropolitana de Santiago";0,16636690647482;0,231329113924051;-0,294469628286491;-0,312422689521117
"270";13114;"Las Condes";13;"Metropolitana de Santiago";0,147144754316069;0,176358436606292;-0,331631073970907;-0,534665732909551
"271";13115;"Lo Barnechea";13;"Metropolitana de Santiago";0,372952737482452;0,344021988089785;-0,00911854103343468;-0,411788291900561
"272";13116;"Lo Espejo";13;"Metropolitana de Santiago";0,133217131474104;0,0566519619224519;-0,119388544891641;-0,296708391284191
"273";13117;"Lo Prado";13;"Metropolitana de Santiago";0,483114919354839;0,481994459833795;0,129125095932463;0,15460074553659
"274";13118;"Macul";13;"Metropolitana de Santiago";0,343658810325477;0,282622669809299;-0,191736429921685;0,118878504672897
"275";13119;"Maipú";13;"Metropolitana de Santiago";0,341976304199491;0,305061229414249;0,0213388726277028;-0,128223726627982
"276";13120;"Ñuñoa";13;"Metropolitana de Santiago";0,30707656612529;0,268235029266096;-0,21604508767047;-0,116521602760135
"277";13121;"Pedro Aguirre Cerda";13;"Metropolitana de Santiago";0,247718383311604;0,119036482694107;-0,170279174614184;-0,153696498054475
"278";13122;"Peñalolén";13;"Metropolitana de Santiago";0,0511493561198699;0,0725776740758934;-0,186399627387052;-0,18427197160736
"279";13123;"Providencia";13;"Metropolitana de Santiago";0,27912247303055;0,584325174039973;-0,215370071734416;-0,386121383510985
"280";13124;"Pudahuel";13;"Metropolitana de Santiago";0,338078667088474;0,425249915758733;-0,00220177714869862;-0,13225740272174
"281";13125;"Quilicura";13;"Metropolitana de Santiago";0,162453956560396;0,0989433237271855;-0,0641169853768279;-0,167697344488905
"282";13126;"Quinta Normal";13;"Metropolitana de Santiago";0,510222065562214;0,517980513728964;-0,0508418254319893;-0,0615485708027599
"283";13127;"Recoleta";13;"Metropolitana de Santiago";0,191477708401796;0,213679982146842;-0,227211367673179;-0,29607817758219
"284";13128;"Renca";13;"Metropolitana de Santiago";0,263562981039985;0,242111090607123;-0,0515710863745245;-0,0760466712422787
"285";13129;"San Joaquín";13;"Metropolitana de Santiago";0,34918076819769;0,303659486114716;-0,0732472324723247;-0,157638772429985
"286";13130;"San Miguel";13;"Metropolitana de Santiago";0,325;0,210941271118262;-0,0203072116636293;-0,119560131024801
"287";13131;"San Ramón";13;"Metropolitana de Santiago";0,263619286161553;0,417134831460674;0,0826180257510729;-0,159866777685262
"288";13132;"Vitacura";13;"Metropolitana de Santiago";-0,00431344356578001;0,00690657942566331;-0,370025017057084;-0,626281705342687
"289";13201;"Puente Alto";13;"Metropolitana de Santiago";0,140662055335968;0,119749733242797;-0,215954628812063;-0,184608320971957
"290";13202;"Pirque";13;"Metropolitana de Santiago";0,294306335204491;0,408376963350785;0,407149084568439;0,294306335204491
"291";13203;"San José de Maipo";13;"Metropolitana de Santiago";0,0915721231766613;-0,00810014727540498;-0,283129324108568;0,150298889837746
"292";13301;"Colina";13;"Metropolitana de Santiago";0,218976840649844;0,211023351648352;-0,0347611879020118;0,209777015437393
"293";13302;"Lampa";13;"Metropolitana de Santiago";0,298290598290598;0,355947333184557;0,1939477303989;0,290295179443619
"294";13303;"Tiltil";13;"Metropolitana de Santiago";0,407909604519774;0,490430622009569;0,138939670932358;0,419134396355353
"295";13401;"San Bernardo";13;"Metropolitana de Santiago";0,118951612903226;0,100964498255695;-0,200168960890523;-0,0963956883000224
"296";13402;"Buin";13;"Metropolitana de Santiago";0,234492824130382;0,24907703667241;-0,0880503144654088;0,137382339757956
"297";13403;"Calera de Tango";13;"Metropolitana de Santiago";0,157799819657349;0,202247191011236;-0,184761904761905;-0,171612903225806
"298";13404;"Paine";13;"Metropolitana de Santiago";0,243324558104551;0,269097888675624;0,0565675934803451;-0,0736901092743065
"299";13501;"Melipilla";13;"Metropolitana de Santiago";0,133164128595601;0,0648751788837654;-0,195072115384615;0,106942148760331
"300";13502;"Alhué";13;"Metropolitana de Santiago";-0,0635359116022099;0,0796178343949046;-0,211627906976744;0,288973384030418
"301";13503;"Curacaví";13;"Metropolitana de Santiago";0,267418712674187;0,342234715390021;-0,0220174091141833;0,222791293213829
"302";13504;"María Pinto";13;"Metropolitana de Santiago";0,12249443207127;0,0885529157667386;-0,0802919708029197;0,125
"303";13505;"San Pedro";13;"Metropolitana de Santiago";-0,094758064516129;-0,0910931174089069;-0,294025157232704;0,220108695652174
"304";13601;"Talagante";13;"Metropolitana de Santiago";-0,0178066704352742;0,138597640891219;0,0426042604260426;-0,0821447437929212
"305";13602;"El Monte";13;"Metropolitana de Santiago";-0,0913107511045655;-0,00107933081489475;-0,187445127304653;0,0799299883313886
"306";13603;"Isla de Maipo";13;"Metropolitana de Santiago";-0,0915805022156573;0,0310142497904442;-0,349034136014819;0,314804917156601
"307";13604;"Padre Hurtado";13;"Metropolitana de Santiago";0,0358065706902917;0,289522058823529;-0,0558546433378196;0,0338983050847457
"308";13605;"Peñaflor";13;"Metropolitana de Santiago";0,137999339716078;0,134628044766294;-0,171194998797788;-0,470750806080147
"309";14101;"Valdivia";14;"Los Ríos";0,302440290758048;0,363315217391304;0,0918389553862895;-0,0110388330376503
"310";14102;"Corral";14;"Los Ríos";0,31140350877193;0,283261802575107;0,525510204081633;-0,133333333333333
"311";14103;"Lanco";14;"Los Ríos";0,116751269035533;0,064516129032258;-0,139504563233377;-0,237875288683603
"312";14104;"Los Lagos";14;"Los Ríos";0,476372924648787;0,253796095444685;0,00521739130434784;0,195449844881076
"313";14105;"Máfil";14;"Los Ríos";0,00702576112412179;0,053921568627451;-0,0249433106575964;-0,0570175438596491
"314";14106;"Mariquina";14;"Los Ríos";0,392035398230089;0,214671814671815;0,0274330502939255;0,531645569620253
"315";14107;"Paillaco";14;"Los Ríos";0,276807980049875;0,208972845336482;0,0459652706843718;-0,212307692307692
"316";14108;"Panguipulli";14;"Los Ríos";0,199048913043478;-0,017260579064588;-0,0520945220193341;-0,318532818532819
"317";14201;"La Unión";14;"Los Ríos";0,168639053254438;0,318864774624374;0,213517665130568;-0,0632411067193676
"318";14202;"Futrono";14;"Los Ríos";0,71304347826087;0,784420289855073;0,368055555555556;0,46577380952381
"319";14203;"Lago Ranco";14;"Los Ríos";0,278330019880716;0,0575657894736843;-0,0516224188790561;0,154398563734291
"320";14204;"Río Bueno";14;"Los Ríos";0,370967741935484;0,221470836855452;-0,204295154185022;-0,362593736215262
"321";15101;"Arica";15;"Arica y Parinacota";0,174949727089917;0,378496798112572;0,157902186991294;-0,0725097794659562
"322";15102;"Camarones";15;"Arica y Parinacota";0,395348837209302;0,0909090909090908;-0,0625;-0,340659340659341
"323";15201;"Putre";15;"Arica y Parinacota";0,557894736842105;1,2089552238806;0,541666666666667;0,0802919708029197
"324";15202;"General Lagos";15;"Arica y Parinacota";0,363636363636364;-0,117647058823529;-0,516129032258065;0,25
"325";16101;"Chillán";16;"Ñuble";0,342428537680132;0,579130193136029;0,0791947583325421;-0,00777021127990218
"326";16102;"Bulnes";16;"Ñuble";0,199024390243902;0,285564853556485;0,449292452830189;0,241414141414141
"327";16103;"Chillán Viejo";16;"Ñuble";0,204081632653061;0,176638176638177;0,163380281690141;0,234678624813154
"328";16104;"El Carmen";16;"Ñuble";0,149769585253456;0,214111922141119;0,0895196506550218;-0,157094594594595
"329";16105;"Pemuco";16;"Ñuble";0,0504807692307692;0,0555555555555556;0,106329113924051;-0,0113122171945701
"330";16106;"Pinto";16;"Ñuble";-0,00543478260869568;0,0497131931166348;-0,196193265007321;0,0807086614173229
"331";16107;"Quillón";16;"Ñuble";0,353494623655914;0,344459279038718;0,355316285329744;-0,0400381315538608
"332";16108;"San Ignacio";16;"Ñuble";0,2719836400818;0,315010570824524;0,453271028037383;-0,0785185185185185
"333";16109;"Yungay";16;"Ñuble";0,346278317152104;0,204052098408104;0,0413016270337923;-0,0907103825136611
"334";16201;"Quirihue";16;"Ñuble";0,156448202959831;0,0725490196078431;0,0148423005565863;-0,126198083067093
"335";16202;"Cobquecura";16;"Ñuble";0,163568773234201;0,416289592760181;0,588832487309645;-0,0766961651917404
"336";16203;"Coelemu";16;"Ñuble";0,458333333333333;0,0512367491166077;0,146435452793834;-0,216073781291173
"337";16204;"Ninhue";16;"Ñuble";0,395973154362416;0,664;0,552238805970149;0,268292682926829
"338";16205;"Portezuelo";16;"Ñuble";1,11842105263158;1,11842105263158;0,939759036144578;0,412280701754386
"339";16206;"Ranquil";16;"Ñuble";0,647619047619048;0,639810426540284;0,696078431372549;0,478632478632479
"340";16207;"Treguaco";16;"Ñuble";0,942028985507246;0,50561797752809;1,09375;0,558139534883721
"341";16301;"San Carlos";16;"Ñuble";0,20861989912884;-0,0424990918997458;-0,0312385152517457;-0,155128205128205
"342";16302;"Coihueco";16;"Ñuble";0,427813163481953;0,257009345794392;0,123642439431913;0,491130820399113
"343";16303;"Ñiquén";16;"Ñuble";0,146981627296588;0,248571428571429;0,193989071038251;0,0186480186480187
"344";16304;"San Fabián";16;"Ñuble";-0,300261096605744;-0,386727688787185;-0,12987012987013;-0,0945945945945946
"345";16305;"San Nicolás";16;"Ñuble";0,417721518987342;0,712538226299694;0,432225063938619;0,236203090507726
