"";"cut_comuna";"comuna";"cut_region";"region";"delitos_mcs_aumento_2a";"delitos_mcs_aumento_3a";"delitos_mcs_aumento_5a";"delitos_mcs_aumento_10a"
"1";1101;"Iquique";1;"Tarapacá";1,11928353658537;1,41678726483357;1,08818080770656;0,937739463601533
"2";1107;"Alto Hospicio";1;"Tarapacá";1,0135;1,3123988345743;1,26647922524211;1,18955399061033
"3";1401;"Pozo Almonte";1;"Tarapacá";1,21887550200803;1,47688564476886;1,11992619926199;1,75433526011561
"4";1402;"Camiña";1;"Tarapacá";1,46153846153846;1,58333333333333;1,9;1,46153846153846
"5";1403;"Colchane";1;"Tarapacá";0,87037037037037;1,42424242424242;2,04347826086957;4,7
"6";1404;"Huara";1;"Tarapacá";1,06896551724138;1,12727272727273;0,96875;1,2156862745098
"7";1405;"Pica";1;"Tarapacá";1,76785714285714;1,92233009708738;1,73684210526316;1,44525547445255
"8";2101;"Antofagasta";2;"Antofagasta";1,44598742873849;1,69645000857486;1,3987556561086;1,01269451269451
"9";2102;"Mejillones";2;"Antofagasta";1,37425149700599;1,42105263157895;1,31518624641834;1,26446280991736
"10";2103;"Sierra Gorda";2;"Antofagasta";1,18095238095238;2,13793103448276;1,37777777777778;1,40909090909091
"11";2104;"Taltal";2;"Antofagasta";1,7910447761194;1,50943396226415;1,34078212290503;1,11627906976744
"12";2201;"Calama";2;"Antofagasta";1,02718589272594;1,29324699352451;0,919333625602806;0,840312562612703
"13";2202;"Ollagüe";2;"Antofagasta";1;1;1,2;3
"14";2203;"San Pedro de Atacama";2;"Antofagasta";1,46153846153846;1,43010752688172;1,17699115044248;1,26666666666667
"15";2301;"Tocopilla";2;"Antofagasta";1,24129353233831;1,22604422604423;0,895870736086176;0,689226519337017
"16";2302;"María Elena";2;"Antofagasta";1,24444444444444;1,43589743589744;1,36585365853659;0,96551724137931
"17";3101;"Copiapó";3;"Atacama";1,36840265641384;1,3579604578564;1,05241935483871;0,821788413098237
"18";3102;"Caldera";3;"Atacama";1,23430962343096;1,00682593856655;0,811554332874828;1,04982206405694
"19";3103;"Tierra Amarilla";3;"Atacama";1,28731343283582;1,33720930232558;0,971830985915493;1,31178707224335
"20";3201;"Chañaral";3;"Atacama";1,64705882352941;1,29230769230769;0,833746898263027;1,2
"21";3202;"Diego de Almagro";3;"Atacama";1,7027027027027;1,75;1,3125;1,02024291497976
"22";3301;"Vallenar";3;"Atacama";1,34493670886076;1,5779702970297;1,30635245901639;1,08326253186066
"23";3302;"Alto del Carmen";3;"Atacama";1,38461538461538;1,25581395348837;1,31707317073171;1,86206896551724
"24";3303;"Freirina";3;"Atacama";1,23711340206186;1,21212121212121;2,06896551724138;1,2
"25";3304;"Huasco";3;"Atacama";1,50837988826816;1,47540983606557;1,49171270718232;1,51685393258427
"26";4101;"La Serena";4;"Coquimbo";1,42796699809604;1,48188803512623;1,20816180418829;1,27046866177301
"27";4102;"Coquimbo";4;"Coquimbo";1,36439267886855;1,22433743934304;1,10196539559886;1,24714828897338
"28";4103;"Andacollo";4;"Coquimbo";1,21333333333333;1,04597701149425;1,06432748538012;1,16666666666667
"29";4104;"La Higuera";4;"Coquimbo";1,5;1,5;1,13684210526316;1,6875
"30";4105;"Paiguano";4;"Coquimbo";1,28571428571429;1,22222222222222;1,3943661971831;1,22222222222222
"31";4106;"Vicuña";4;"Coquimbo";1,31702544031311;1,54712643678161;1,38477366255144;1,34331337325349
"32";4201;"Illapel";4;"Coquimbo";2,16740088105727;1,58709677419355;1,1415313225058;1,13888888888889
"33";4202;"Canela";4;"Coquimbo";1,32857142857143;1,29166666666667;1,06896551724138;1,29166666666667
"34";4203;"Los Vilos";4;"Coquimbo";1,26215644820296;1,50377833753149;1,33856502242152;1,06797853309481
"35";4204;"Salamanca";4;"Coquimbo";1,66779661016949;1,32258064516129;1,24873096446701;1,10313901345291
"36";4301;"Ovalle";4;"Coquimbo";1,25801526717557;1,35452054794521;1,11754068716094;1,14180138568129
"37";4302;"Combarbalá";4;"Coquimbo";1,39506172839506;1,29885057471264;1,18947368421053;0,941666666666667
"38";4303;"Monte Patria";4;"Coquimbo";1,10122699386503;1,4078431372549;1,23793103448276;1,28214285714286
"39";4304;"Punitaqui";4;"Coquimbo";1,64634146341463;1,22727272727273;1,33663366336634;1,11570247933884
"40";4305;"Río Hurtado";4;"Coquimbo";1,22222222222222;1,7741935483871;1,27906976744186;2,89473684210526
"41";5101;"Valparaíso";5;"Valparaíso";1,49973427812223;1,32198625858838;0,928493090590042;0,924841599300852
"42";5102;"Casablanca";5;"Valparaíso";1,7565445026178;1,49111111111111;1,14115646258503;1,25891181988743
"43";5103;"Concón";5;"Valparaíso";1,46327683615819;1,39247311827957;1,06694129763131;0,870588235294118
"44";5104;"Juan Fernández";5;"Valparaíso";1,76470588235294;2,14285714285714;1,5;1,42857142857143
"45";5105;"Puchuncaví";5;"Valparaíso";1,55008210180624;1,69175627240143;1,65034965034965;1,09259259259259
"46";5107;"Quintero";5;"Valparaíso";1,24524312896406;1,29025191675794;1,17097415506958;1,20944558521561
"47";5109;"Viña del Mar";5;"Valparaíso";1,48091091761554;1,62245459548707;1,08608620901388;0,884134759572128
"48";5201;"Isla de Pascua";5;"Valparaíso";0,842592592592593;0,914572864321608;0,684210526315789;0,56875
"49";5301;"Los Andes";5;"Valparaíso";1,31826086956522;1,47470817120623;1,01813297515111;0,949874686716792
"50";5302;"Calle Larga";5;"Valparaíso";1,81935483870968;1,42424242424242;1,34285714285714;1,21030042918455
"51";5303;"Rinconada";5;"Valparaíso";1,92727272727273;1,52517985611511;1,16483516483516;1,20454545454545
"52";5304;"San Esteban";5;"Valparaíso";1,17959183673469;1,19917012448133;1,12890625;1,03956834532374
"53";5401;"La Ligua";5;"Valparaíso";1,27104377104377;1,62017167381974;1,331569664903;0,964240102171137
"54";5402;"Cabildo";5;"Valparaíso";1,42222222222222;1,26732673267327;0,914285714285714;0,661498708010336
"55";5403;"Papudo";5;"Valparaíso";1,16;0,958677685950413;0,758169934640523;0,549763033175355
"56";5404;"Petorca";5;"Valparaíso";1,29487179487179;1,24691358024691;1,40277777777778;0,795275590551181
"57";5405;"Zapallar";5;"Valparaíso";1,18085106382979;1,26857142857143;1,32142857142857;0,78169014084507
"58";5501;"Quillota";5;"Valparaíso";1,46588868940754;1,36083333333333;0,947765525246663;0,950523864959255
"59";5502;"Calera";5;"Valparaíso";1,24501424501424;1,44701986754967;1,21896792189679;0,844444444444444
"60";5503;"Hijuelas";5;"Valparaíso";1,47567567567568;1,58720930232558;1,61538461538462;1,14225941422594
"61";5504;"La Cruz";5;"Valparaíso";1,30357142857143;1,48979591836735;1,41062801932367;1,48223350253807
"62";5506;"Nogales";5;"Valparaíso";1,29777777777778;1,25321888412017;1,06959706959707;1,01388888888889
"63";5601;"San Antonio";5;"Valparaíso";1,21555915721232;1,1182902584493;0,970245795601552;0,912038913660316
"64";5602;"Algarrobo";5;"Valparaíso";1,10817307692308;0,886538461538461;0,829136690647482;0,734076433121019
"65";5603;"Cartagena";5;"Valparaíso";1,11220196353436;1,06729475100942;1,08481532147743;1,25276461295419
"66";5604;"El Quisco";5;"Valparaíso";1,3309481216458;1,07359307359307;0,961240310077519;0,875294117647059
"67";5605;"El Tabo";5;"Valparaíso";1,29315960912052;1,27447833065811;1,45421245421245;1,21966205837174
"68";5606;"Santo Domingo";5;"Valparaíso";1,57575757575758;1,54074074074074;1,39597315436242;1,14917127071823
"69";5701;"San Felipe";5;"Valparaíso";1,28458213256484;1,32074074074074;0,90050505050505;0,695397815912636
"70";5702;"Catemu";5;"Valparaíso";1,27325581395349;1,21666666666667;1,16489361702128;0,765734265734266
"71";5703;"Llaillay";5;"Valparaíso";1,59409594095941;1,19667590027701;1,0046511627907;0,675
"72";5704;"Panquehue";5;"Valparaíso";1,14035087719298;1,28712871287129;0,970149253731343;0,902777777777778
"73";5705;"Putaendo";5;"Valparaíso";1,05485232067511;0,988142292490119;0,886524822695035;0,659630606860158
"74";5706;"Santa María";5;"Valparaíso";1,41145833333333;1,2262443438914;0,921768707482993;0,839009287925697
"75";5801;"Quilpué";5;"Valparaíso";1,62523452157598;1,42886597938144;1,16902834008097;0,917880794701987
"76";5802;"Limache";5;"Valparaíso";1,55479452054795;1,63603603603604;1,17616580310881;1,12098765432099
"77";5803;"Olmué";5;"Valparaíso";1,09442060085837;1,1038961038961;1,05371900826446;0,844370860927152
"78";5804;"Villa Alemana";5;"Valparaíso";1,29673776662484;1,2421875;0,900261324041812;0,770693512304251
"79";6101;"Rancagua";6;"Libertador Gral. Bernardo O'Higgins";1,34553821528611;1,49444444444444;1,12740989103101;0,915588835942818
"80";6102;"Codegua";6;"Libertador Gral. Bernardo O'Higgins";1,49489795918367;1,36915887850467;1,27391304347826;1,11832061068702
"81";6103;"Coinco";6;"Libertador Gral. Bernardo O'Higgins";1,78461538461538;1,61111111111111;1,41463414634146;0,859259259259259
"82";6104;"Coltauco";6;"Libertador Gral. Bernardo O'Higgins";1,08450704225352;1,07441860465116;1,02666666666667;1,1608040201005
"83";6105;"Doñihue";6;"Libertador Gral. Bernardo O'Higgins";1,13986013986014;1,27843137254902;0,976047904191617;0,928774928774929
"84";6106;"Graneros";6;"Libertador Gral. Bernardo O'Higgins";1,53020134228188;1,5049504950495;1,31034482758621;1,14
"85";6107;"Las Cabras";6;"Libertador Gral. Bernardo O'Higgins";1,48517520215633;1,48118279569892;1,43489583333333;1,41645244215938
"86";6108;"Machalí";6;"Libertador Gral. Bernardo O'Higgins";1,5273631840796;1,43681747269891;1,21825396825397;1,11231884057971
"87";6109;"Malloa";6;"Libertador Gral. Bernardo O'Higgins";0,913513513513514;1,12666666666667;1,03048780487805;0,82843137254902
"88";6110;"Mostazal";6;"Libertador Gral. Bernardo O'Higgins";1,37225042301184;1,47186932849365;1,29346092503987;1,31442463533225
"89";6111;"Olivar";6;"Libertador Gral. Bernardo O'Higgins";1,40828402366864;1,29347826086957;1,20812182741117;0,983471074380165
"90";6112;"Peumo";6;"Libertador Gral. Bernardo O'Higgins";1,5;1,37735849056604;1,04784688995215;1,21666666666667
"91";6113;"Pichidegua";6;"Libertador Gral. Bernardo O'Higgins";1,45505617977528;1,32142857142857;1,21028037383178;0,857615894039735
"92";6114;"Quinta de Tilcoco";6;"Libertador Gral. Bernardo O'Higgins";1,52100840336134;1,22297297297297;1,11728395061728;1,09036144578313
"93";6115;"Rengo";6;"Libertador Gral. Bernardo O'Higgins";1,54769921436588;1,66949152542373;1,47014925373134;1,18065068493151
"94";6116;"Requínoa";6;"Libertador Gral. Bernardo O'Higgins";1,55205047318612;1,51851851851852;1,27131782945736;0,896174863387978
"95";6117;"San Vicente";6;"Libertador Gral. Bernardo O'Higgins";1,49403747870528;1,42139384116694;1,0907960199005;0,956379498364231
"96";6201;"Pichilemu";6;"Libertador Gral. Bernardo O'Higgins";1,83611111111111;1,40339702760085;1,31150793650794;2,16013071895425
"97";6202;"La Estrella";6;"Libertador Gral. Bernardo O'Higgins";1,73809523809524;1,12307692307692;1,62222222222222;2,60714285714286
"98";6203;"Litueche";6;"Libertador Gral. Bernardo O'Higgins";0,969924812030075;1,22857142857143;1,55421686746988;1,74324324324324
"99";6204;"Marchihue";6;"Libertador Gral. Bernardo O'Higgins";1,23376623376623;1,14457831325301;0,95;1,35714285714286
"100";6205;"Navidad";6;"Libertador Gral. Bernardo O'Higgins";1,3047619047619;1,3047619047619;1,20175438596491;1,75641025641026
"101";6206;"Paredones";6;"Libertador Gral. Bernardo O'Higgins";2,43137254901961;2,63829787234043;2,21428571428571;2,38461538461538
"102";6301;"San Fernando";6;"Libertador Gral. Bernardo O'Higgins";1,31487055990367;1,218070273285;1,07851851851852;0,928966397277754
"103";6302;"Chépica";6;"Libertador Gral. Bernardo O'Higgins";1,58992805755396;1,61313868613139;1,99099099099099;1,79674796747967
"104";6303;"Chimbarongo";6;"Libertador Gral. Bernardo O'Higgins";1,26763110307414;1,53056768558952;1,50429184549356;1,39641434262948
"105";6304;"Lolol";6;"Libertador Gral. Bernardo O'Higgins";1,29411764705882;1,35384615384615;1,35384615384615;1,27536231884058
"106";6305;"Nancagua";6;"Libertador Gral. Bernardo O'Higgins";1,25141242937853;1,22038567493113;1,17195767195767;1,93449781659389
"107";6306;"Palmilla";6;"Libertador Gral. Bernardo O'Higgins";1,44444444444444;1,34814814814815;1,08333333333333;1,31884057971015
"108";6307;"Peralillo";6;"Libertador Gral. Bernardo O'Higgins";1,3943661971831;1,90384615384615;1,67796610169492;1,88571428571429
"109";6308;"Placilla";6;"Libertador Gral. Bernardo O'Higgins";1,21666666666667;1,02097902097902;0,935897435897436;0,895705521472393
"110";6309;"Pumanque";6;"Libertador Gral. Bernardo O'Higgins";2,02380952380952;3,14814814814815;1,88888888888889;4,47368421052632
"111";6310;"Santa Cruz";6;"Libertador Gral. Bernardo O'Higgins";1,41548183254344;1,29106628242075;1,08606060606061;1,01818181818182
"112";7101;"Talca";7;"Maule";1,38263292314836;1,31981382978723;0,93046875;0,975270226007206
"113";7102;"Constitución";7;"Maule";1,73565573770492;1,30307692307692;1,09149484536082;1,09009009009009
"114";7103;"Curepto";7;"Maule";1,08536585365854;1,05952380952381;1,08536585365854;1,23611111111111
"115";7104;"Empedrado";7;"Maule";1,12;1,07692307692308;0,96551724137931;0,451612903225806
"116";7105;"Maule";7;"Maule";1,4359756097561;1,5;1,18193224592221;1,27989130434783
"117";7106;"Pelarco";7;"Maule";0,973913043478261;1,14285714285714;1,19148936170213;1,02752293577982
"118";7107;"Pencahue";7;"Maule";1,51388888888889;1,18478260869565;1,32926829268293;1,15957446808511
"119";7108;"Río Claro";7;"Maule";1,18493150684932;1,01169590643275;1,13815789473684;1,44166666666667
"120";7109;"San Clemente";7;"Maule";1,55393053016453;1,88470066518847;1,46048109965636;1,61290322580645
"121";7110;"San Rafael";7;"Maule";1,20886075949367;1,37410071942446;1,28187919463087;1,46923076923077
"122";7201;"Cauquenes";7;"Maule";1,12903225806452;1,15894039735099;1,02739726027397;0,888324873096447
"123";7202;"Chanco";7;"Maule";0,944444444444444;1,01190476190476;1,02409638554217;0,833333333333333
"124";7203;"Pelluhue";7;"Maule";1,39130434782609;0,994818652849741;1,02673796791444;1,19254658385093
"125";7301;"Curicó";7;"Maule";1,36917562724014;1,551875;1,20125786163522;1,34071274298056
"126";7302;"Hualañé";7;"Maule";1,6304347826087;2,08333333333333;2,23880597014925;1,92307692307692
"127";7303;"Licantén";7;"Maule";2,01470588235294;1,82666666666667;1,47311827956989;1,73417721518987
"128";7304;"Molina";7;"Maule";1,44655581947743;1,53787878787879;1,4;1,20713577799802
"129";7305;"Rauco";7;"Maule";1,11034482758621;1,21052631578947;1,03870967741935;1,42477876106195
"130";7306;"Romeral";7;"Maule";1,17441860465116;1,22672064777328;1,22672064777328;1,94230769230769
"131";7307;"Sagrada Familia";7;"Maule";1,1605504587156;1,16589861751152;1,06302521008403;1,12444444444444
"132";7308;"Teno";7;"Maule";1,48877805486284;1,54263565891473;1,38837209302326;1,83128834355828
"133";7309;"Vichuquén";7;"Maule";1,87179487179487;1,28070175438596;1,5531914893617;1,30357142857143
"134";7401;"Linares";7;"Maule";1,32082551594747;1,25714285714286;0,954792043399638;0,925503943908852
"135";7402;"Colbún";7;"Maule";1,3452380952381;1,30384615384615;1,18531468531469;1,54090909090909
"136";7403;"Longaví";7;"Maule";1,01972386587771;1,23980815347722;1,27027027027027;1,46458923512748
"137";7404;"Parral";7;"Maule";1,36415362731152;1,45966514459665;1,16666666666667;1,40204678362573
"138";7405;"Retiro";7;"Maule";1,38341968911917;1,27751196172249;1,08979591836735;1,36224489795918
"139";7406;"San Javier";7;"Maule";1,24835742444152;1,25495376486129;1,12692763938316;1,4937106918239
"140";7407;"Villa Alegre";7;"Maule";1,05447470817121;1,05859375;1,05038759689922;1,3219512195122
"141";7408;"Yerbas Buenas";7;"Maule";1,12962962962963;1,16190476190476;1,21393034825871;1,18446601941748
"142";8101;"Concepción";8;"Biobío";1,37668424135911;1,49332768481254;1,02560372417806;0,826107335364425
"143";8102;"Coronel";8;"Biobío";1,32295271049596;1,41256157635468;1,02046263345196;0,830858384643245
"144";8103;"Chiguayante";8;"Biobío";1,1272051996286;1,24512820512821;1,02968617472434;0,60218253968254
"145";8104;"Florida";8;"Biobío";1,42168674698795;1,38011695906433;1,11320754716981;1,46583850931677
"146";8105;"Hualqui";8;"Biobío";1,00469483568075;1,25882352941176;1,01904761904762;0,831067961165049
"147";8106;"Lota";8;"Biobío";1,34098360655738;1,3257698541329;0,995133819951338;0,737601442741208
"148";8107;"Penco";8;"Biobío";1,28794326241135;1,25414364640884;0,97950377562028;0,876447876447876
"149";8108;"San Pedro de la Paz";8;"Biobío";1,2802734375;1,45747637576431;1,23214285714286;0,909469302809573
"150";8109;"Santa Juana";8;"Biobío";1,22685185185185;1,325;0,936395759717314;1,09053497942387
"151";8110;"Talcahuano";8;"Biobío";1,29253950753399;1,63277623026927;1,22543554006969;1,07817290006131
"152";8111;"Tomé";8;"Biobío";1,17166494312306;1,17045454545455;0,924143556280587;1,03564899451554
"153";8112;"Hualpén";8;"Biobío";1,31320754716981;1,51744186046512;1,25707405177604;1,05135951661631
"154";8201;"Lebu";8;"Biobío";1,24556213017751;0,941834451901566;0,87344398340249;0,73859649122807
"155";8202;"Arauco";8;"Biobío";0,977777777777778;0,955038759689922;0,943338437978561;0,782719186785261
"156";8203;"Cañete";8;"Biobío";1,03627760252366;1,09866220735786;0,848837209302326;1,09136212624585
"157";8204;"Contulmo";8;"Biobío";0,988095238095238;1,15277777777778;0,846938775510204;0,709401709401709
"158";8205;"Curanilahue";8;"Biobío";1,10434782608696;0,937269372693727;0,820678513731826;0,647133757961783
"159";8206;"Los Alamos";8;"Biobío";1,16666666666667;1,06567164179104;1,00280898876405;0,681297709923664
"160";8207;"Tirúa";8;"Biobío";0,987951807228916;1,05128205128205;0,625954198473282;1
"161";8301;"Los Angeles";8;"Biobío";1,41533864541833;1,67029091977667;1,2807570977918;0,788130892956184
"162";8302;"Antuco";8;"Biobío";0,782051282051282;1,15094339622642;1,08928571428571;1,64864864864865
"163";8303;"Cabrero";8;"Biobío";1,45073891625616;1,77409638554217;1,48362720403023;1,18036072144289
"164";8304;"Laja";8;"Biobío";1,3371104815864;1,05357142857143;1,19796954314721;1,46130030959752
"165";8305;"Mulchén";8;"Biobío";1,47242206235012;1,65498652291105;1,43457943925234;1,06597222222222
"166";8306;"Nacimiento";8;"Biobío";1,38801261829653;1,7741935483871;1,52249134948097;1,37931034482759
"167";8307;"Negrete";8;"Biobío";1,45112781954887;1,75454545454545;2,12087912087912;1,55645161290323
"168";8308;"Quilaco";8;"Biobío";0,765625;1,02083333333333;1,02083333333333;0,96078431372549
"169";8309;"Quilleco";8;"Biobío";1,17;1,0353982300885;0,879699248120301;0,893129770992366
"170";8310;"San Rosendo";8;"Biobío";2,21951219512195;1,44444444444444;1,54237288135593;2,6
"171";8311;"Santa Bárbara";8;"Biobío";1,51824817518248;1,45454545454545;1,29192546583851;0,695652173913043
"172";8312;"Tucapel";8;"Biobío";1,54597701149425;1,69182389937107;1,39378238341969;1,17467248908297
"173";8313;"Yumbel";8;"Biobío";1,82985074626866;2,30451127819549;1,93987341772152;2,58649789029536
"174";8314;"Alto Biobío";8;"Biobío";0,818181818181818;0,782608695652174;1,23287671232877;0,9375
"175";9101;"Temuco";9;"La Araucanía";1,28515889114266;1,21414883423826;0,917682558841279;0,764351060621293
"176";9102;"Carahue";9;"La Araucanía";0,88821752265861;1,04255319148936;0,890909090909091;0,880239520958084
"177";9103;"Cunco";9;"La Araucanía";1,10752688172043;1,13602941176471;1,01311475409836;1,1793893129771
"178";9104;"Curarrehue";9;"La Araucanía";1,39316239316239;1,73404255319149;1,63;0,970238095238095
"179";9105;"Freire";9;"La Araucanía";1,43440233236152;1,30851063829787;1,23308270676692;1,1415313225058
"180";9106;"Galvarino";9;"La Araucanía";1,17532467532468;1,23972602739726;1,15286624203822;1,37121212121212
"181";9107;"Gorbea";9;"La Araucanía";1,2834008097166;1,23346303501946;1,34322033898305;1,13620071684588
"182";9108;"Lautaro";9;"La Araucanía";1,07993474714519;1,10517529215359;1,1433506044905;1,28046421663443
"183";9109;"Loncoche";9;"La Araucanía";1,18478260869565;1,05569007263923;1,0818858560794;0,910229645093946
"184";9110;"Melipeuco";9;"La Araucanía";0,956521739130435;1,06024096385542;1,375;0,977777777777778
"185";9111;"Nueva Imperial";9;"La Araucanía";1,21112929623568;1,33574007220217;1,13323124042879;1,23539232053422
"186";9112;"Padre Las Casas";9;"La Araucanía";1,08802177858439;1,20140280561122;1,08703535811423;0,937451133698202
"187";9113;"Perquenco";9;"La Araucanía";1,05747126436782;1,33333333333333;0,893203883495146;0,989247311827957
"188";9114;"Pitrufquén";9;"La Araucanía";1,18468468468468;1,32828282828283;1,08453608247423;1,14347826086957
"189";9115;"Pucón";9;"La Araucanía";1,8877755511022;1,23947368421053;1,18939393939394;0,781742738589212
"190";9116;"Saavedra";9;"La Araucanía";1,33783783783784;1,3469387755102;1,36551724137931;1,07027027027027
"191";9117;"Teodoro Schmidt";9;"La Araucanía";1,11640211640212;1;1,3525641025641;1,29447852760736
"192";9118;"Toltén";9;"La Araucanía";0,966442953020134;1,37142857142857;1,48453608247423;1
"193";9119;"Vilcún";9;"La Araucanía";1,23569794050343;1,30434782608696;1,37055837563452;1,29807692307692
"194";9120;"Villarrica";9;"La Araucanía";1,38500851788756;1,58325219084713;1,5325164938737;1,25173210161663
"195";9121;"Cholchol";9;"La Araucanía";0,825641025641026;0,856382978723404;1,0125786163522;1,0125786163522
"196";9201;"Angol";9;"La Araucanía";0,941231343283582;0,96186844613918;0,846476510067114;0,755805243445693
"197";9202;"Collipulli";9;"La Araucanía";0,962264150943396;1,02770780856423;0,839506172839506;0,890829694323144
"198";9203;"Curacautín";9;"La Araucanía";0,972027972027972;1,2579185520362;1,20869565217391;1,48663101604278
"199";9204;"Ercilla";9;"La Araucanía";0,638418079096045;0,715189873417722;0,773972602739726;0,941666666666667
"200";9205;"Lonquimay";9;"La Araucanía";1,0126582278481;0,975609756097561;1,03225806451613;1,55339805825243
"201";9206;"Los Sauces";9;"La Araucanía";0,946153846153846;1;0,917910447761194;0,9609375
"202";9207;"Lumaco";9;"La Araucanía";1,01769911504425;1,18556701030928;0,821428571428571;0,741935483870968
"203";9208;"Purén";9;"La Araucanía";1,40666666666667;1,19886363636364;1,03940886699507;1,08205128205128
"204";9209;"Renaico";9;"La Araucanía";1,035;1,15642458100559;0,855371900826446;1
"205";9210;"Traiguén";9;"La Araucanía";1,08012820512821;1,19503546099291;0,991176470588235;1,02121212121212
"206";9211;"Victoria";9;"La Araucanía";0,96652719665272;0,95983379501385;0,927710843373494;0,828947368421053
"207";10101;"Puerto Montt";10;"Los Lagos";1,2801549568586;1,46042587384492;1,0376819868684;0,880358440300315
"208";10102;"Calbuco";10;"Los Lagos";1,20973782771536;1,34303534303534;1,11571675302245;1,45823927765237
"209";10103;"Cochamó";10;"Los Lagos";1,04347826086957;1,26315789473684;0,923076923076923;0,979591836734694
"210";10104;"Fresia";10;"Los Lagos";1,08928571428571;1,55084745762712;1,18064516129032;0,884057971014493
"211";10105;"Frutillar";10;"Los Lagos";1,34901960784314;1,25547445255474;1,35433070866142;1,2027972027972
"212";10106;"Los Muermos";10;"Los Lagos";1,38636363636364;1,53459119496855;1,46987951807229;1,5741935483871
"213";10107;"Llanquihue";10;"Los Lagos";1,07692307692308;1,15827338129496;1,14590747330961;1,30364372469636
"214";10108;"Maullín";10;"Los Lagos";1,44444444444444;1,57046979865772;1,31460674157303;1,70802919708029
"215";10109;"Puerto Varas";10;"Los Lagos";1,28137931034483;1,33094555873925;1,00978260869565;1,04264870931538
"216";10201;"Castro";10;"Los Lagos";1,4009840098401;1,47157622739018;1,19517313746065;0,807801418439716
"217";10202;"Ancud";10;"Los Lagos";1,0064308681672;1,10211267605634;0,993650793650794;0,639427987742594
"218";10203;"Chonchi";10;"Los Lagos";1,4873417721519;1,52597402597403;1,46875;1,14634146341463
"219";10204;"Curaco de Vélez";10;"Los Lagos";1,21428571428571;1,47826086956522;1,54545454545455;0,918918918918919
"220";10205;"Dalcahue";10;"Los Lagos";1,76691729323308;1,66666666666667;1,66666666666667;1,175
"221";10206;"Puqueldón";10;"Los Lagos";1,28571428571429;1,125;1,35;0,529411764705882
"222";10207;"Queilén";10;"Los Lagos";1,30357142857143;1,23728813559322;1,25862068965517;1,48979591836735
"223";10208;"Quellón";10;"Los Lagos";1,01622718052738;1,02453987730061;1,01008064516129;0,824013157894737
"224";10209;"Quemchi";10;"Los Lagos";1,46296296296296;1,71739130434783;1,88095238095238;0,887640449438202
"225";10210;"Quinchao";10;"Los Lagos";1,17073170731707;1,45454545454545;1,52380952380952;1,06666666666667
"226";10301;"Osorno";10;"Los Lagos";1,47178048019956;1,81398923904689;1,32696092212539;1,11981020166074
"227";10302;"Puerto Octay";10;"Los Lagos";1,22857142857143;1,0078125;1,13157894736842;1,35789473684211
"228";10303;"Purranque";10;"Los Lagos";1,1985559566787;1,26717557251908;1,06410256410256;0,988095238095238
"229";10304;"Puyehue";10;"Los Lagos";1,45806451612903;1,61428571428571;1,11330049261084;1,49668874172185
"230";10305;"Río Negro";10;"Los Lagos";1,20942408376963;1,32758620689655;1,2554347826087;1,17258883248731
"231";10306;"San Juan de la Costa";10;"Los Lagos";1,30434782608696;1,23287671232877;1,37404580152672;1,25
"232";10307;"San Pablo";10;"Los Lagos";1,54098360655738;1,39259259259259;1,22077922077922;1,30555555555556
"233";10401;"Chaitén";10;"Los Lagos";1,53846153846154;1,66666666666667;1,17647058823529;0,983606557377049
"234";10402;"Futaleufú";10;"Los Lagos";1,42857142857143;2,35294117647059;1,73913043478261;1,11111111111111
"235";10403;"Hualaihué";10;"Los Lagos";1,07594936708861;1,30769230769231;1,37096774193548;1,15646258503401
"236";10404;"Palena";10;"Los Lagos";1,38461538461538;1,38461538461538;1,38461538461538;0,620689655172414
"237";11101;"Coihaique";11;"Aysén del General Carlos Ibáñez del Campo";1,11221945137157;1;0,780402449693788;0,46652719665272
"238";11102;"Lago Verde";11;"Aysén del General Carlos Ibáñez del Campo";1;0,705882352941177;2;1,71428571428571
"239";11201;"Aisén";11;"Aysén del General Carlos Ibáñez del Campo";1,13636363636364;1,26262626262626;1,22850122850123;1,20192307692308
"240";11202;"Cisnes";11;"Aysén del General Carlos Ibáñez del Campo";1,02597402597403;1,16176470588235;0,9875;1,06756756756757
"241";11203;"Guaitecas";11;"Aysén del General Carlos Ibáñez del Campo";2,17647058823529;1,94736842105263;1,19354838709677;1,54166666666667
"242";11301;"Cochrane";11;"Aysén del General Carlos Ibáñez del Campo";0,895522388059702;1,27659574468085;1,81818181818182;1,53846153846154
"243";11302;"O'Higgins";11;"Aysén del General Carlos Ibáñez del Campo";1,5;1,5;2,4;1,09090909090909
"244";11303;"Tortel";11;"Aysén del General Carlos Ibáñez del Campo";2,14285714285714;3;5;1,875
"245";11401;"Chile Chico";11;"Aysén del General Carlos Ibáñez del Campo";0,893333333333333;1,03076923076923;1,36734693877551;0,705263157894737
"246";11402;"Río Ibáñez";11;"Aysén del General Carlos Ibáñez del Campo";1,33333333333333;1,14285714285714;1,53846153846154;0,869565217391304
"247";12101;"Punta Arenas";12;"Magallanes y de la Antártica Chilena";1,03419972640219;1,3125;0,922513727882855;0,676510067114094
"248";12102;"Laguna Blanca";12;"Magallanes y de la Antártica Chilena";0,5;Inf;1;0,142857142857143
"249";12103;"Río Verde";12;"Magallanes y de la Antártica Chilena";1;0,5;1;0,5
"250";12104;"San Gregorio";12;"Magallanes y de la Antártica Chilena";1,75;2,33333333333333;0,875;0,875
"251";12201;"Cabo de Hornos";12;"Magallanes y de la Antártica Chilena";1,19047619047619;1,66666666666667;1,78571428571429;1,25
"252";12301;"Porvenir";12;"Magallanes y de la Antártica Chilena";1,06666666666667;1,02564102564103;0,860215053763441;0,898876404494382
"253";12302;"Primavera";12;"Magallanes y de la Antártica Chilena";6;1,33333333333333;3;1,71428571428571
"254";12303;"Timaukel";12;"Magallanes y de la Antártica Chilena";1;1;1;1
"255";12401;"Natales";12;"Magallanes y de la Antártica Chilena";1,20075757575758;1,32635983263598;1,03257328990228;0,758373205741627
"256";12402;"Torres del Paine";12;"Magallanes y de la Antártica Chilena";4,66666666666667;2,33333333333333;1,4;2,33333333333333
"257";13101;"Santiago";13;"Metropolitana de Santiago";1,75186715974186;1,82974856104211;1,0915827045588;1,17287246953736
"258";13102;"Cerrillos";13;"Metropolitana de Santiago";1,4079012345679;1,33286582515194;0,998598949211909;1,09317484662577
"259";13103;"Cerro Navia";13;"Metropolitana de Santiago";1,46672283066554;1,47542372881356;1,25341972642189;1,48739854762922
"260";13104;"Conchalí";13;"Metropolitana de Santiago";1,31512944983819;1,0964586846543;0,966121842496285;1,14512152166256
"261";13105;"El Bosque";13;"Metropolitana de Santiago";1,17552216929278;1,12600912600913;0,87746170678337;0,924229328723711
"262";13106;"Estación Central";13;"Metropolitana de Santiago";2,08420593368237;1,83413323094644;1,32989977728285;1,52692983858079
"263";13107;"Huechuraba";13;"Metropolitana de Santiago";1,4524248004911;1,33220720720721;0,99244966442953;0,822384428223844
"264";13108;"Independencia";13;"Metropolitana de Santiago";1,30481055768412;1,21050552922591;0,934166412679061;1,23988673139159
"265";13109;"La Cisterna";13;"Metropolitana de Santiago";1,43322734499205;1,44067119456652;1,22071767095464;1,25078043704475
"266";13110;"La Florida";13;"Metropolitana de Santiago";1,36441992759869;1,2184421182266;0,915664044423878;0,783120609478579
"267";13111;"La Granja";13;"Metropolitana de Santiago";1,2511013215859;1,1497975708502;0,854649413180861;1,01792114695341
"268";13112;"La Pintana";13;"Metropolitana de Santiago";1,18342036553525;1,09745762711864;0,838963442850532;0,863538937842343
"269";13113;"La Reina";13;"Metropolitana de Santiago";1,22645429362881;1,27318475916607;0,86390243902439;0,709819639278557
"270";13114;"Las Condes";13;"Metropolitana de Santiago";1,24132231404959;1,30457440648523;0,755533199195171;0,597375049714967
"271";13115;"Lo Barnechea";13;"Metropolitana de Santiago";1,18723849372385;1,35119047619048;0,887412040656763;0,481136074607885
"272";13116;"Lo Espejo";13;"Metropolitana de Santiago";1,12630014858841;0,999121265377856;0,840976331360947;0,957070707070707
"273";13117;"Lo Prado";13;"Metropolitana de Santiago";1,51824134705332;1,51399253731343;1,32815057283142;1,4497543546226
"274";13118;"Macul";13;"Metropolitana de Santiago";1,51067961165049;1,45216985534298;1,08621291448517;1,28276999175598
"275";13119;"Maipú";13;"Metropolitana de Santiago";1,38090426875474;1,29626556016598;1,08980364796173;1,00210796443956
"276";13120;"Ñuñoa";13;"Metropolitana de Santiago";1,50154711673699;1,43033226152197;1,02950819672131;1,01753717117804
"277";13121;"Pedro Aguirre Cerda";13;"Metropolitana de Santiago";1,20929018789144;1,15503489531406;1,01223241590214;1,07467532467532
"278";13122;"Peñalolén";13;"Metropolitana de Santiago";1,22778541953232;1,23972222222222;0,953225117471166;0,953836289805514
"279";13123;"Providencia";13;"Metropolitana de Santiago";1,64071734257184;1,919189511323;0,958452380952381;0,851507139079852
"280";13124;"Pudahuel";13;"Metropolitana de Santiago";1,3247225025227;1,35788167149359;1,0507443572915;1,19107240065324
"281";13125;"Quilicura";13;"Metropolitana de Santiago";1,22850804215197;1,07393939393939;0,917944467467882;0,966615753873009
"282";13126;"Quinta Normal";13;"Metropolitana de Santiago";1,62089356110381;1,53277415346381;1,2078335373317;1,5015216068168
"283";13127;"Recoleta";13;"Metropolitana de Santiago";1,34402332361516;1,29157494496698;0,987605202754399;1,06783587028458
"284";13128;"Renca";13;"Metropolitana de Santiago";1,32113084450888;1,15348101265823;0,988072648414204;1,04922279792746
"285";13129;"San Joaquín";13;"Metropolitana de Santiago";1,44226457399103;1,50909090909091;1,14508233199822;1,43582589285714
"286";13130;"San Miguel";13;"Metropolitana de Santiago";1,55091103965702;1,43646591661152;1,22974504249292;1,36509433962264
"287";13131;"San Ramón";13;"Metropolitana de Santiago";1,24198617221873;1,2789644012945;1,00764915859255;1,00050632911392
"288";13132;"Vitacura";13;"Metropolitana de Santiago";1,03630862329803;0,994916485112564;0,684315684315684;0,48806555040969
"289";13201;"Puente Alto";13;"Metropolitana de Santiago";1,2092164926711;1,20325288562434;0,901068678296401;0,869634460791749
"290";13202;"Pirque";13;"Metropolitana de Santiago";1,09539473684211;0,979411764705882;0,828358208955224;0,798561151079137
"291";13203;"San José de Maipo";13;"Metropolitana de Santiago";1,23154362416107;1,29681978798587;0,976063829787234;1,07309941520468
"292";13301;"Colina";13;"Metropolitana de Santiago";1,2110712863401;1,21058917197452;1,03611584327087;1,21591363454618
"293";13302;"Lampa";13;"Metropolitana de Santiago";1,31535066208926;1,25679475164011;1,10689228229468;1,31341821743389
"294";13303;"Tiltil";13;"Metropolitana de Santiago";1,5;1,39249146757679;1,16239316239316;1,51672862453532
"295";13401;"San Bernardo";13;"Metropolitana de Santiago";1,13018534863195;1,09180048316044;0,82533032549146;0,851019051838724
"296";13402;"Buin";13;"Metropolitana de Santiago";1,38004895960832;1,4963503649635;1,05030274802049;1,33669235328986
"297";13403;"Calera de Tango";13;"Metropolitana de Santiago";1,11675126903553;1,22562674094708;0,807339449541284;0,805860805860806
"298";13404;"Paine";13;"Metropolitana de Santiago";1,19397697077059;1,3074684772066;1,02979373567609;1,0784
"299";13501;"Melipilla";13;"Metropolitana de Santiago";1,09348230912477;1,0918557084418;0,895394937480939;1,01697263595428
"300";13502;"Alhué";13;"Metropolitana de Santiago";1,16470588235294;1,45588235294118;1,01020408163265;1,52307692307692
"301";13503;"Curacaví";13;"Metropolitana de Santiago";1,27226890756303;1,46990291262136;0,996052631578947;1,34458259325044
"302";13504;"María Pinto";13;"Metropolitana de Santiago";1,25433526011561;1,44666666666667;1,04326923076923;1,22598870056497
"303";13505;"San Pedro";13;"Metropolitana de Santiago";0,916666666666667;0,959302325581395;0,804878048780488;1,25954198473282
"304";13601;"Talagante";13;"Metropolitana de Santiago";1,08545034642032;1,32518796992481;1,07142857142857;0,867158671586716
"305";13602;"El Monte";13;"Metropolitana de Santiago";0,934250764525994;1,37612612612613;1,18181818181818;1,14205607476636
"306";13603;"Isla de Maipo";13;"Metropolitana de Santiago";1,364;1,77142857142857;1,33988212180747;1,15397631133672
"307";13604;"Padre Hurtado";13;"Metropolitana de Santiago";1,06326219512195;1,41337386018237;1,10015772870662;1,40625
"308";13605;"Peñaflor";13;"Metropolitana de Santiago";1,06540084388186;1,11643330876934;0,840732519422864;0,872193436960276
"309";14101;"Valdivia";14;"Los Ríos";1,30480984340045;1,45858080650203;1,09556233857713;0,988140618382041
"310";14102;"Corral";14;"Los Ríos";1,04819277108434;0,945652173913043;1,33846153846154;1,04819277108434
"311";14103;"Lanco";14;"Los Ríos";1,12690355329949;0,925;0,773519163763066;0,735099337748344
"312";14104;"Los Lagos";14;"Los Ríos";1,32857142857143;1,20779220779221;1,15527950310559;1,16614420062696
"313";14105;"Máfil";14;"Los Ríos";0,924812030075188;1,19417475728155;1,12844036697248;1,11818181818182
"314";14106;"Mariquina";14;"Los Ríos";1,50872093023256;1,33762886597938;1,25970873786408;1,4027027027027
"315";14107;"Paillaco";14;"Los Ríos";1,36964980544747;1,38582677165354;1,21799307958478;0,748936170212766
"316";14108;"Panguipulli";14;"Los Ríos";1,20220588235294;1,07213114754098;1,0464;0,870838881491345
"317";14201;"La Unión";14;"Los Ríos";1,55142231947484;1,40118577075099;1,15660685154976;1,12361331220285
"318";14202;"Futrono";14;"Los Ríos";1,00442477876106;1,05581395348837;1,08095238095238;0,97008547008547
"319";14203;"Lago Ranco";14;"Los Ríos";1,02027027027027;1,05594405594406;1,52525252525253;0,843575418994413
"320";14204;"Río Bueno";14;"Los Ríos";1,24146981627297;1,20663265306122;1,07256235827664;0,722137404580153
"321";15101;"Arica";15;"Arica y Parinacota";1,53980288097043;1,85564184559159;1,53485735877574;1,40846047156727
"322";15102;"Camarones";15;"Arica y Parinacota";0,75;1;0,714285714285714;0,625
"323";15201;"Putre";15;"Arica y Parinacota";1,35714285714286;1,9;1,52;1,40740740740741
"324";15202;"General Lagos";15;"Arica y Parinacota";1,33333333333333;0,571428571428571;0,5;0,571428571428571
"325";16101;"Chillán";16;"Ñuble";1,49460376194881;1,79252958579882;1,1496679316888;0,990598814633149
"326";16102;"Bulnes";16;"Ñuble";1,1219512195122;1,32851985559567;1,45454545454545;1,01939058171745
"327";16103;"Chillán Viejo";16;"Ñuble";1,24893617021277;1,54881266490765;1,30444444444444;1,14424951267057
"328";16104;"El Carmen";16;"Ñuble";0,910994764397906;1,10126582278481;0,887755102040816;0,878787878787879
"329";16105;"Pemuco";16;"Ñuble";1,06716417910448;1,28828828828829;1,09160305343511;1,05147058823529
"330";16106;"Pinto";16;"Ñuble";0,947712418300654;1,28318584070796;0,986394557823129;0,911949685534591
"331";16107;"Quillón";16;"Ñuble";1,33676975945017;1,34602076124567;1,2508038585209;1,02910052910053
"332";16108;"San Ignacio";16;"Ñuble";1,23979591836735;1,58823529411765;1,86923076923077;1,2029702970297
"333";16109;"Yungay";16;"Ñuble";1,28151260504202;1,54822335025381;1,00328947368421;1,03741496598639
"334";16201;"Quirihue";16;"Ñuble";1,42016806722689;1,33070866141732;1,15753424657534;0,880208333333333
"335";16202;"Cobquecura";16;"Ñuble";0,929824561403509;1,03921568627451;1,06;0,670886075949367
"336";16203;"Coelemu";16;"Ñuble";1,25555555555556;1,18947368421053;1,32163742690058;1,18947368421053
"337";16204;"Ninhue";16;"Ñuble";1,68085106382979;2,19444444444444;1,64583333333333;1,64583333333333
"338";16205;"Portezuelo";16;"Ñuble";1,65625;1,76666666666667;1,76666666666667;1,39473684210526
"339";16206;"Ranquil";16;"Ñuble";1,8125;1,50649350649351;1,65714285714286;1,73134328358209
"340";16207;"Treguaco";16;"Ñuble";1,5;1,5;1,97727272727273;1,97727272727273
"341";16301;"San Carlos";16;"Ñuble";1,19545454545455;1,08230452674897;0,907679033649698;0,767883211678832
"342";16302;"Coihueco";16;"Ñuble";1,34944237918216;1,50622406639004;1,36466165413534;1,30575539568345
"343";16303;"Ñiquén";16;"Ñuble";1,02325581395349;0,949640287769784;0,970588235294118;0,868421052631579
"344";16304;"San Fabián";16;"Ñuble";1,09090909090909;1;1,23076923076923;1,17073170731707
"345";16305;"San Nicolás";16;"Ñuble";1,40157480314961;1,48333333333333;1;1,2108843537415
