"";"cut_region";"region";"cut_provincia";"provincia";"cut_comuna";"comuna";"pob_crecimiento_5a";"pob_crecimiento_10a";"pob_crecimiento_20a"
"1";1;"Tarapacá";11;"Iquique";1101;"Iquique";0,0713487349547834;0,218051114016709;0,372539969941184
"2";1;"Tarapacá";11;"Iquique";1107;"Alto Hospicio";0,154200563834072;0,42487520633216;1,24577625928596
"3";1;"Tarapacá";14;"Tamarugal";1401;"Pozo Almonte";0,121680752862195;0,376461934534756;0,902307614109993
"4";1;"Tarapacá";14;"Tamarugal";1402;"Camiña";0,0215613382899629;0,0904761904761904;0,0810385523210071
"5";1;"Tarapacá";14;"Tamarugal";1403;"Colchane";0,00128534704370176;0,0421404682274247;-0,00383631713554988
"6";1;"Tarapacá";14;"Tamarugal";1404;"Huara";0,0621139327385039;0,179496951219512;0,22963845848232
"7";1;"Tarapacá";14;"Tamarugal";1405;"Pica";0,0952298050139275;0,299524891551332;0,734013230429989
"8";2;"Antofagasta";21;"Antofagasta";2101;"Antofagasta";0,0819691294585234;0,244704188180975;0,455201734675829
"9";2;"Antofagasta";21;"Antofagasta";2102;"Mejillones";0,122604822173513;0,366468715035717;0,828726099976964
"10";2;"Antofagasta";21;"Antofagasta";2103;"Sierra Gorda";0,0650887573964498;0,202404809619239;0,364670204700531
"11";2;"Antofagasta";21;"Antofagasta";2104;"Taltal";0,0445740782290032;0,144929912287892;0,287518436578171
"12";2;"Antofagasta";22;"El Loa";2201;"Calama";0,0658349453367819;0,204369209232073;0,361448124600905
"13";2;"Antofagasta";22;"El Loa";2202;"Ollagüe";-0,0528169014084507;-0,103333333333333;-0,334158415841584
"14";2;"Antofagasta";22;"El Loa";2203;"San Pedro de Atacama";0,101567961649855;0,355703048180924;1,37818025010781
"15";2;"Antofagasta";23;"Tocopilla";2301;"Tocopilla";0,0251274449546259;0,0903707121981234;0,139767656871809
"16";2;"Antofagasta";23;"Tocopilla";2302;"María Elena";-0,0358571640242999;-0,0873772791023842;-0,342660874835842
"17";3;"Atacama";31;"Copiapó";3101;"Copiapó";0,0387664574583551;0,114938016790549;0,296616721275264
"18";3;"Atacama";31;"Copiapó";3102;"Caldera";0,0425609692412137;0,135221198680769;0,40462956448322
"19";3;"Atacama";31;"Copiapó";3103;"Tierra Amarilla";0,0171988440121238;0,0604012050848703;0,140970904490828
"20";3;"Atacama";32;"Chañaral";3201;"Chañaral";-0,00807742132134426;-0,00920992540721566;-0,042797264504743
"21";3;"Atacama";32;"Chañaral";3202;"Diego de Almagro";-0,0346335369239311;-0,0903204708960105;-0,329298871636609
"22";3;"Atacama";33;"Huasco";3301;"Vallenar";0,0144312393887946;0,0546056260341974;0,144841626249925
"23";3;"Atacama";33;"Huasco";3302;"Alto del Carmen";0,0183195349656509;0,0648369865536931;0,180277664352797
"24";3;"Atacama";33;"Huasco";3303;"Freirina";0,0330741863223085;0,103914390312588;0,285245901639344
"25";3;"Atacama";33;"Huasco";3304;"Huasco";0,043956043956044;0,134161855367453;0,374851720047449
"26";4;"Coquimbo";41;"Elqui";4101;"La Serena";0,095138632919687;0,250742540681875;0,559783940175228
"27";4;"Coquimbo";41;"Elqui";4102;"Coquimbo";0,0984152032102397;0,258688633883275;0,577181438461979
"28";4;"Coquimbo";41;"Elqui";4103;"Andacollo";0,00903665814151755;0,0331703910614525;0,0393396557780119
"29";4;"Coquimbo";41;"Elqui";4104;"La Higuera";0,0283575317604357;0,0862688713156003;0,179854242581988
"30";4;"Coquimbo";41;"Elqui";4105;"Paiguano";0,0137782561894511;0,0459795646379386;0,0743782797170887
"31";4;"Coquimbo";41;"Elqui";4106;"Vicuña";0,0387388613019521;0,110258833793806;0,23054917603449
"32";4;"Coquimbo";42;"Choapa";4201;"Illapel";0,0126034958601655;0,0400970139851329;0,0474876284735439
"33";4;"Coquimbo";42;"Choapa";4202;"Canela";-0,000735603194619627;0,00859142978362315;-0,0196907216494845
"34";4;"Coquimbo";42;"Choapa";4203;"Los Vilos";0,0607100951718744;0,16261789082595;0,343534981009523
"35";4;"Coquimbo";42;"Choapa";4204;"Salamanca";0,0397608786320034;0,112615293067539;0,235687732342007
"36";4;"Coquimbo";43;"Limarí";4301;"Ovalle";0,037228188367129;0,104245630542265;0,208257655960139
"37";4;"Coquimbo";43;"Limarí";4302;"Combarbalá";0,001517999132572;0,0135332845647402;-0,0053126570464499
"38";4;"Coquimbo";43;"Limarí";4303;"Monte Patria";0,00989119683481698;0,0350049101910224;0,0450692511915043
"39";4;"Coquimbo";43;"Limarí";4304;"Punitaqui";0,041011563097912;0,115628064544887;0,241837848566042
"40";4;"Coquimbo";43;"Limarí";4305;"Río Hurtado";-0,0146386093321135;-0,0279783393501805;-0,111386138613861
"41";5;"Valparaíso";51;"Valparaíso";5101;"Valparaíso";0,0243657901879082;0,0653313054970746;0,120073736837695
"42";5;"Valparaíso";51;"Valparaíso";5102;"Casablanca";0,0634008773762273;0,160492419924769;0,333231481077306
"43";5;"Valparaíso";51;"Valparaíso";5103;"Concón";0,0675960195917644;0,177602307729917;0,408879529700799
"44";5;"Valparaíso";51;"Valparaíso";5104;"Juan Fernández";0,0930693069306932;0,251700680272109;0,645305514157973
"45";5;"Valparaíso";51;"Valparaíso";5105;"Puchuncaví";0,0778646891507517;0,209794196454022;0,520782571305719
"46";5;"Valparaíso";51;"Valparaíso";5107;"Quintero";0,0925836846721937;0,256974510889026;0,685126996595967
"47";5;"Valparaíso";51;"Valparaíso";5109;"Viña del Mar";0,0399240820988276;0,107045048857314;0,219959935634298
"48";5;"Valparaíso";52;"Isla de Pascua";5201;"Isla de Pascua";0,0989718815805771;0,305473808122425;1,10037878787879
"49";5;"Valparaíso";53;"Los Andes";5301;"Los Andes";0,0200642173327612;0,0577684352655967;0,112224319571495
"50";5;"Valparaíso";53;"Los Andes";5302;"Calle Larga";0,0972248090892158;0,258850345466201;0,638664812239221
"51";5;"Valparaíso";53;"Los Andes";5303;"Rinconada";0,0926430517711172;0,253125;0,656796584492494
"52";5;"Valparaíso";53;"Los Andes";5304;"San Esteban";0,0729927007299269;0,191065367349173;0,441271944352435
"53";5;"Valparaíso";54;"Petorca";5401;"La Ligua";0,0260885835716769;0,0738223117377197;0,152070828331333
"54";5;"Valparaíso";54;"Petorca";5402;"Cabildo";0,00987642308066561;0,0322757111597374;0,0517861667088928
"55";5;"Valparaíso";54;"Petorca";5403;"Papudo";0,052304674730304;0,139872521246459;0,324691358024691
"56";5;"Valparaíso";54;"Petorca";5404;"Petorca";0,013149118627918;0,041429970617042;0,0798212653600081
"57";5;"Valparaíso";54;"Petorca";5405;"Zapallar";0,0638189677091279;0,169368362213527;0,396994991652755
"58";5;"Valparaíso";55;"Quillota";5501;"Quillota";0,0484061883501195;0,125776276326499;0,262086895655217
"59";5;"Valparaíso";55;"Quillota";5502;"Calera";0,0113325077864086;0,0344284946649267;0,0543590947323123
"60";5;"Valparaíso";55;"Quillota";5503;"Hijuelas";0,0285351934051998;0,0789955097289208;0,16189111747851
"61";5;"Valparaíso";55;"Quillota";5504;"La Cruz";0,135727080280085;0,374692027200158;1,00546330242254
"62";5;"Valparaíso";55;"Quillota";5506;"Nogales";0,0123736941257064;0,0367885644128738;0,0565708923544395
"63";5;"Valparaíso";56;"San Antonio";5601;"San Antonio";0,0274425197506931;0,0669877692390952;0,0968090077660828
"64";5;"Valparaíso";56;"San Antonio";5602;"Algarrobo";0,0828903989773262;0,238839285714286;0,706605874244513
"65";5;"Valparaíso";56;"San Antonio";5603;"Cartagena";0,0899242912371134;0,229444898700827;0,507127742510302
"66";5;"Valparaíso";56;"San Antonio";5604;"El Quisco";0,0848160304024874;0,253076155636847;0,828238719068413
"67";5;"Valparaíso";56;"San Antonio";5605;"El Tabo";0,0824903832454766;0,253898836537668;0,919898926089703
"68";5;"Valparaíso";56;"San Antonio";5606;"Santo Domingo";0,077416047167393;0,218614091040881;0,608701199285532
"69";5;"Valparaíso";57;"San Felipe";5701;"San Felipe";0,0549859072796191;0,140968873589195;0,292578369206037
"70";5;"Valparaíso";57;"San Felipe";5702;"Catemu";0,0459961392531452;0,119709277469004;0,24694492937629
"71";5;"Valparaíso";57;"San Felipe";5703;"Llaillay";0,0401799329063739;0,106129398410897;0,218288163593338
"72";5;"Valparaíso";57;"San Felipe";5704;"Panquehue";0,0381305441546405;0,0938895089285714;0,155296891115368
"73";5;"Valparaíso";57;"San Felipe";5705;"Putaendo";0,0315952149275942;0,0884768691870998;0,188930668249885
"74";5;"Valparaíso";57;"San Felipe";5706;"Santa María";0,0502786377708979;0,129820821954306;0,268661181750187
"75";5;"Valparaíso";58;"Marga Marga";5801;"Quilpué";0,0534521158129175;0,136364231474208;0,285621181262729
"76";5;"Valparaíso";58;"Marga Marga";5802;"Limache";0,0489398397078218;0,125585142284831;0,259765577405756
"77";5;"Valparaíso";58;"Marga Marga";5803;"Olmué";0,068668848305711;0,172719374456994;0,35958904109589
"78";5;"Valparaíso";58;"Marga Marga";5804;"Villa Alemana";0,0783184966827835;0,202303181554974;0,455865215587904
"79";6;"Libertador General Bernardo O'Higgins";61;"Cachapoal";6101;"Rancagua";0,0473869431127667;0,121113076731369;0,227014192579079
"80";6;"Libertador General Bernardo O'Higgins";61;"Cachapoal";6102;"Codegua";0,0512433520195485;0,133612338215919;0,296489984045382
"81";6;"Libertador General Bernardo O'Higgins";61;"Cachapoal";6103;"Coinco";0,0349542112730556;0,0966242995763291;0,200478755236385
"82";6;"Libertador General Bernardo O'Higgins";61;"Cachapoal";6104;"Coltauco";0,0558867006818939;0,142274954862007;0,294079831687219
"83";6;"Libertador General Bernardo O'Higgins";61;"Cachapoal";6105;"Doñihue";0,05637703819522;0,144800542215337;0,316281658780963
"84";6;"Libertador General Bernardo O'Higgins";61;"Cachapoal";6106;"Graneros";0,0621696801112657;0,164496355707359;0,393969262220275
"85";6;"Libertador General Bernardo O'Higgins";61;"Cachapoal";6107;"Las Cabras";0,05097905541037;0,133583888230728;0,302097508329032
"86";6;"Libertador General Bernardo O'Higgins";61;"Cachapoal";6108;"Machalí";0,108787972190828;0,322204525034714;1,03760463213544
"87";6;"Libertador General Bernardo O'Higgins";61;"Cachapoal";6109;"Malloa";0,0155528726652936;0,0437956204379562;0,0682802928432691
"88";6;"Libertador General Bernardo O'Higgins";61;"Cachapoal";6110;"Mostazal";0,0535793357933578;0,134817170111288;0,272314068000535
"89";6;"Libertador General Bernardo O'Higgins";61;"Cachapoal";6111;"Olivar";0,0363950276243095;0,0918946449359721;0,172330286696352
"90";6;"Libertador General Bernardo O'Higgins";61;"Cachapoal";6112;"Peumo";0,00981050934014238;0,0305856535454669;0,042019137428928
"91";6;"Libertador General Bernardo O'Higgins";61;"Cachapoal";6113;"Pichidegua";0,0239541324522619;0,0698004974871822;0,143213626993599
"92";6;"Libertador General Bernardo O'Higgins";61;"Cachapoal";6114;"Quinta de Tilcoco";0,0408683616230785;0,105027068832173;0,202592374379261
"93";6;"Libertador General Bernardo O'Higgins";61;"Cachapoal";6115;"Rengo";0,0449188347787415;0,117896954866775;0,238557846182811
"94";6;"Libertador General Bernardo O'Higgins";61;"Cachapoal";6116;"Requínoa";0,0602232471091504;0,15738781466618;0,357350676022591
"95";6;"Libertador General Bernardo O'Higgins";61;"Cachapoal";6117;"San Vicente";0,0454454574536149;0,118840269605221;0,239869110568373
"96";6;"Libertador General Bernardo O'Higgins";62;"Cardenal Caro";6201;"Pichilemu";0,0693812556869882;0,184205554505951;0,438824699670977
"97";6;"Libertador General Bernardo O'Higgins";62;"Cardenal Caro";6202;"La Estrella";-0,00289668490505313;0,00194049159120313;-0,0149443561208267
"98";6;"Libertador General Bernardo O'Higgins";62;"Cardenal Caro";6203;"Litueche";0,038093815357036;0,0993513684543585;0,195012897678418
"99";6;"Libertador General Bernardo O'Higgins";62;"Cardenal Caro";6204;"Marchihue";0,0176757683682891;0,0496598639455783;0,0838718741219444
"100";6;"Libertador General Bernardo O'Higgins";62;"Cardenal Caro";6205;"Navidad";0,0464945731886184;0,121150219987429;0,260823467043647
"101";6;"Libertador General Bernardo O'Higgins";62;"Cardenal Caro";6206;"Paredones";-0,0147961592948214;-0,0282564819127464;-0,0861439626222806
"102";6;"Libertador General Bernardo O'Higgins";63;"Colchagua";6301;"San Fernando";0,0431310520427453;0,108716154340309;0,207223966782254
"103";6;"Libertador General Bernardo O'Higgins";63;"Colchagua";6302;"Chépica";0,0209914011127972;0,0589546855531511;0,109218299216925
"104";6;"Libertador General Bernardo O'Higgins";63;"Colchagua";6303;"Chimbarongo";0,0284865992617558;0,076064142389388;0,143422148209825
"105";6;"Libertador General Bernardo O'Higgins";63;"Colchagua";6304;"Lolol";0,0314099903140999;0,0834302325581395;0,157094070164545
"106";6;"Libertador General Bernardo O'Higgins";63;"Colchagua";6305;"Nancagua";0,0417766980035914;0,106778139378296;0,206569610961586
"107";6;"Libertador General Bernardo O'Higgins";63;"Colchagua";6306;"Palmilla";0,0325005695193257;0,0852422380078219;0,163529009070683
"108";6;"Libertador General Bernardo O'Higgins";63;"Colchagua";6307;"Peralillo";0,0382942430703626;0,0999277195518613;0,193880553103854
"109";6;"Libertador General Bernardo O'Higgins";63;"Colchagua";6308;"Placilla";0,0206752446937204;0,0545392569026246;0,0900869156683111
"110";6;"Libertador General Bernardo O'Higgins";63;"Colchagua";6309;"Pumanque";-0,00424808836023793;-0,00198694294635249;-0,0295335357438586
"111";6;"Libertador General Bernardo O'Higgins";63;"Colchagua";6310;"Santa Cruz";0,0494898210676789;0,127074455414097;0,253148911124191
"112";7;"Maule";71;"Talca";7101;"Talca";0,0324944507641116;0,0830000312819803;0,147701225634128
"113";7;"Maule";71;"Talca";7102;"Constitución";0,0099306054079924;0,0320963501864646;0,048701702074792
"114";7;"Maule";71;"Talca";7103;"Curepto";-0,0359818507966656;-0,0734279918864097;-0,16718322698268
"115";7;"Maule";71;"Talca";7104;"Empedrado";-0,0066603235014272;-0,00689655172413794;-0,0413223140495868
"116";7;"Maule";71;"Talca";7105;"Maule";0,20067192368618;0,6503565105039;2,54791420194434
"117";7;"Maule";71;"Talca";7106;"Pelarco";0,0476667780376434;0,121082111786438;0,232250458475242
"118";7;"Maule";71;"Talca";7107;"Pencahue";0,00641698751604247;0,0247089569969114;0,0346647475110951
"119";7;"Maule";71;"Talca";7108;"Río Claro";0,034603022635574;0,0868534482758621;0,152597897303063
"120";7;"Maule";71;"Talca";7109;"San Clemente";0,049043820347503;0,120634105341801;0,221348600508906
"121";7;"Maule";71;"Talca";7110;"San Rafael";0,0584223918575064;0,147032870063975;0,291320004967093
"122";7;"Maule";72;"Cauquenes";7201;"Cauquenes";0,0110095082116373;0,0313014827018121;0,0363996735455288
"123";7;"Maule";72;"Cauquenes";7202;"Chanco";-0,00761230835209603;-0,0114279611235715;-0,0480304432788234
"124";7;"Maule";72;"Cauquenes";7203;"Pelluhue";0,0577477138920206;0,146970931812008;0,298078401229823
"125";7;"Maule";73;"Curicó";7301;"Curicó";0,0642960371659131;0,16358347008802;0,352862797041803
"126";7;"Maule";73;"Curicó";7302;"Hualañé";0,0028442526480974;0,0155939610647597;0,0139825466084886
"127";7;"Maule";73;"Curicó";7303;"Licantén";0,00186433385917106;0,0112912565141865;-0,00114383757506431
"128";7;"Maule";73;"Curicó";7304;"Molina";0,0606609786393533;0,151268676509593;0,296592238568193
"129";7;"Maule";73;"Curicó";7305;"Rauco";0,059401478276546;0,148875855327468;0,295239144809345
"130";7;"Maule";73;"Curicó";7306;"Romeral";0,0613947071365859;0,149796195652174;0,282877283407868
"131";7;"Maule";73;"Curicó";7307;"Sagrada Familia";0,0209840810419681;0,0556297760914872;0,0897556131737187
"132";7;"Maule";73;"Curicó";7308;"Teno";0,0447590025885514;0,110549963428651;0,200534658684438
"133";7;"Maule";73;"Curicó";7309;"Vichuquén";-0,0179954441913439;-0,039224426119902;-0,124670050761421
"134";7;"Maule";74;"Linares";7401;"Linares";0,0387801392927445;0,100853506152445;0,19156398647487
"135";7;"Maule";74;"Linares";7402;"Colbún";0,0538623816149737;0,135622732769045;0,265509621085539
"136";7;"Maule";74;"Linares";7403;"Longaví";0,0353672038381105;0,0886689949553745;0,155795111233178
"137";7;"Maule";74;"Linares";7404;"Parral";0,0319433125056596;0,0843542593429598;0,155228344062041
"138";7;"Maule";74;"Linares";7405;"Retiro";0,0276861282455889;0,0715460936331456;0,122942682480798
"139";7;"Maule";74;"Linares";7406;"San Javier";0,054044644685644;0,134878285411889;0,283900419078028
"140";7;"Maule";74;"Linares";7407;"Villa Alegre";0,0401983966780091;0,0998902305159166;0,17843841881738
"141";7;"Maule";74;"Linares";7408;"Yerbas Buenas";0,0418310970797158;0,103740453759964;0,186410210318174
"142";8;"Biobío";81;"Concepción";8101;"Concepción";0,0106171788398235;0,0323113948792575;0,0569384507557558
"143";8;"Biobío";81;"Concepción";8102;"Coronel";0,0335703349819243;0,0969967670580227;0,269079348831716
"144";8;"Biobío";81;"Concepción";8103;"Chiguayante";0,0126410835214448;0,0389538496300061;0,0848019439922618
"145";8;"Biobío";81;"Concepción";8104;"Florida";0,00507915008888515;0,0184422714016126;0,041765376853558
"146";8;"Biobío";81;"Concepción";8105;"Hualqui";0,028811016655768;0,091673469387755;0,313589705810127
"147";8;"Biobío";81;"Concepción";8106;"Lota";-0,00838592736563959;-0,0221174139639058;-0,0991032101900718
"148";8;"Biobío";81;"Concepción";8107;"Penco";0,00983903420523147;0,0296235511334495;0,0530191767026142
"149";8;"Biobío";81;"Concepción";8108;"San Pedro de la Paz";0,0701111126601515;0,216951517265434;0,744400886313278
"150";8;"Biobío";81;"Concepción";8109;"Santa Juana";0,0113427969843103;0,0385715282137127;0,108381718028882
"151";8;"Biobío";81;"Concepción";8110;"Talcahuano";-0,000227555735352714;-0,00157811346004533;-0,0572222189107512
"152";8;"Biobío";81;"Concepción";8111;"Tomé";0,0108346435163031;0,0349050826699326;0,0773153628995538
"153";8;"Biobío";81;"Concepción";8112;"Hualpén";0,011982166078395;0,0381683430386448;0,0952194795040768
"154";8;"Biobío";82;"Arauco";8201;"Lebu";0,00406774646845642;0,0167384384946638;0,0395099540581929
"155";8;"Biobío";82;"Arauco";8202;"Arauco";0,0102737060578544;0,0322059057413986;0,0694257545382144
"156";8;"Biobío";82;"Arauco";8203;"Cañete";0,0168649177122373;0,0502061537598519;0,13052536231884
"157";8;"Biobío";82;"Arauco";8204;"Contulmo";0,00665293838111825;0,0220328079768415;0,0447147788919942
"158";8;"Biobío";82;"Arauco";8205;"Curanilahue";0,00342931472831554;0,0134057862837011;0,0217646527589632
"159";8;"Biobío";82;"Arauco";8206;"Los Álamos";0,0258782515419684;0,0711185776284475;0,174607236067755
"160";8;"Biobío";82;"Arauco";8207;"Tirúa";0,0118451025056947;0,037075084049309;0,0918297119260643
"161";8;"Biobío";83;"Bíobío";8301;"Los Angeles";0,0325618957520939;0,0941583209451529;0,260419893984374
"162";8;"Biobío";83;"Bíobío";8302;"Antuco";0,00792356094150537;0,0265843816757654;0,066584463625154
"163";8;"Biobío";83;"Bíobío";8303;"Cabrero";0,017602408061772;0,0551277267021746;0,162691588785047
"164";8;"Biobío";83;"Bíobío";8304;"Laja";0,00411367166183929;0,0152363975893388;0,0252882431100252
"165";8;"Biobío";83;"Bíobío";8305;"Mulchén";0,0048106415264908;0,017391304347826;0,0295752282651847
"166";8;"Biobío";83;"Bíobío";8306;"Nacimiento";0,00530846484935443;0,0183852917665868;0,0348545266578053
"167";8;"Biobío";83;"Bíobío";8307;"Negrete";0,01947551099113;0,0582465972778223;0,163896532746285
"168";8;"Biobío";83;"Bíobío";8308;"Quilaco";0,00215465645199897;0,00916104146576657;0,0106228874939642
"169";8;"Biobío";83;"Bíobío";8309;"Quilleco";-0,00448609311135484;-0,0105033690051526;-0,0607599699021821
"170";8;"Biobío";83;"Bíobío";8310;"San Rosendo";-0,0182370820668692;-0,0438643702906351;-0,132356532356532
"171";8;"Biobío";83;"Bíobío";8311;"Santa Bárbara";0,00824685588619345;0,0281009110021022;0,0726767565986692
"172";8;"Biobío";83;"Bíobío";8312;"Tucapel";0,020437859646802;0,058379639157577;0,145700282192188
"173";8;"Biobío";83;"Bíobío";8313;"Yumbel";0,0062522653135193;0,020820885232339;0,0399887619404382
"174";8;"Biobío";83;"Bíobío";8314;"Alto Biobío";0,00650887573964498;0,023157894736842;0,0580003109936247
"175";9;"La Araucanía";91;"Cautín";9101;"Temuco";0,0301977925473524;0,08233090327045;0,191106393289411
"176";9;"La Araucanía";91;"Cautín";9102;"Carahue";0,0027904417544411;0,00762183081905055;-0,0287769784172662
"177";9;"La Araucanía";91;"Cautín";9103;"Cunco";0,00210759844703268;0,00310903841883192;-0,0581243809623104
"178";9;"La Araucanía";91;"Cautín";9104;"Curarrehue";0,0136474829406463;0,0436108165429481;0,103124562140956
"179";9;"La Araucanía";91;"Cautín";9105;"Freire";0,00382025127013508;0,016024874431954;0,0262108950356323
"180";9;"La Araucanía";91;"Cautín";9106;"Galvarino";-0,0049089469517023;-0,0071885614977486;-0,0346416775481988
"181";9;"La Araucanía";91;"Cautín";9107;"Gorbea";-0,00449022715266767;-0,00698195231194831;-0,0398675327983696
"182";9;"La Araucanía";91;"Cautín";9108;"Lautaro";0,0373489201505846;0,100183871815078;0,23191858584076
"183";9;"La Araucanía";91;"Cautín";9109;"Loncoche";0,00409171933236108;0,0166119770303528;0,0259116685293266
"184";9;"La Araucanía";91;"Cautín";9110;"Melipeuco";0,0128225677191858;0,0396512010529779;0,0836906191047848
"185";9;"La Araucanía";91;"Cautín";9111;"Nueva Imperial";0,0159754864044743;0,04799459907325;0,10125439360227
"186";9;"La Araucanía";91;"Cautín";9112;"Padre Las Casas";0,0526750594937178;0,142373516384997;0,349344080923028
"187";9;"La Araucanía";91;"Cautín";9113;"Perquenco";0,0100041684035015;0,0338500924477314;0,0772080616478956
"188";9;"La Araucanía";91;"Cautín";9114;"Pitrufquen";0,0270489273035963;0,0722716835193167;0,158721866701493
"189";9;"La Araucanía";91;"Cautín";9115;"Pucón";0,0421799178798059;0,12456975466862;0,366313728979446
"190";9;"La Araucanía";91;"Cautín";9116;"Saavedra";-0,0118638776147362;-0,0293644100283678;-0,112077430214616
"191";9;"La Araucanía";91;"Cautín";9117;"Teodoro Schmidt";-0,00171200304356101;0,00222802215290607;-0,00681302043906129
"192";9;"La Araucanía";91;"Cautín";9118;"Toltén";-0,0136972704714641;-0,0347741622146673;-0,12818038252325
"193";9;"La Araucanía";91;"Cautín";9119;"Vilcún";0,0822728324463688;0,192265676207123;0,38122758911622
"194";9;"La Araucanía";91;"Cautín";9120;"Villarrica";0,0358691569638405;0,100360892983443;0,254445087661264
"195";9;"La Araucanía";91;"Cautín";9121;"Cholchol";0,0335049440222277;0,0919530305646694;0,219693316616839
"196";9;"La Araucanía";92;"Malleco";9201;"Angol";0,0185792937716325;0,0539041045053068;0,11703968847107
"197";9;"La Araucanía";92;"Malleco";9202;"Collipulli";0,021618710570857;0,0599880263420476;0,131042119160172
"198";9;"La Araucanía";92;"Malleco";9203;"Curacautín";0,00408005734134642;0,0174879874846352;0,0325452174406078
"199";9;"La Araucanía";92;"Malleco";9204;"Ercilla";-0,00956542276806804;-0,0239730012801117;-0,0998175378340668
"200";9;"La Araucanía";92;"Malleco";9205;"Lonquimay";0,00862538587252581;0,0291828793774318;0,0602214163008208
"201";9;"La Araucanía";92;"Malleco";9206;"Los Sauces";-0,00638637573177225;-0,0126916975145426;-0,0620447123838231
"202";9;"La Araucanía";92;"Malleco";9207;"Lumaco";-0,0158793171893609;-0,0397985862302702;-0,13818877107596
"203";9;"La Araucanía";92;"Malleco";9208;"Purén";-0,00729986876640421;-0,0199206413474775;-0,089041095890411
"204";9;"La Araucanía";92;"Malleco";9209;"Renaico";0,0221107395020439;0,060433734939759;0,136687674346523
"205";9;"La Araucanía";92;"Malleco";9210;"Traiguén";-0,00238267895990885;-0,000622665006226653;-0,0269287121709695
"206";9;"La Araucanía";92;"Malleco";9211;"Victoria";0,00454892210324065;0,0170781245530223;0,0207573713071689
"207";10;"Los Lagos";101;"Llanquihue";10101;"Puerto Montt";0,0567660787698927;0,164372775007978;0,491553587734387
"208";10;"Los Lagos";101;"Llanquihue";10102;"Calbuco";0,0324899840842983;0,0693457625191838;0,155305821665438
"209";10;"Los Lagos";101;"Llanquihue";10103;"Cochamó";-0,0171812749003984;-0,0491447843893038;-0,119955406911929
"210";10;"Los Lagos";101;"Llanquihue";10104;"Fresia";-0,00703001579778828;-0,0151978065021543;-0,0383261933904528
"211";10;"Los Lagos";101;"Llanquihue";10105;"Frutillar";0,0390835579514826;0,103121191245827;0,288021284494493
"212";10;"Los Lagos";101;"Llanquihue";10106;"Los Muermos";0,00258630383447644;0,00911097278026141;0,0231223822365023
"213";10;"Los Lagos";101;"Llanquihue";10107;"Llanquihue";0,0182456140350877;0,0399713309074869;0,0940780697175339
"214";10;"Los Lagos";101;"Llanquihue";10108;"Maullín";-0,0122008446738621;-0,0328826463638751;-0,0830169892339286
"215";10;"Los Lagos";101;"Llanquihue";10109;"Puerto Varas";0,0725467655972412;0,188640785694432;0,482778548312529
"216";10;"Los Lagos";102;"Chiloé";10201;"Castro";0,0320455797009362;0,0741573529087582;0,176440763900625
"217";10;"Los Lagos";102;"Chiloé";10202;"Ancud";0,00342150593454305;0,0112722948870392;0,0282674404546004
"218";10;"Los Lagos";102;"Chiloé";10203;"Chonchi";0,022502985731347;0,0817262933900784;0,23356335785243
"219";10;"Los Lagos";102;"Chiloé";10204;"Curaco de Vélez";0,0232615689185844;0,0638024183174686;0,165773893431068
"220";10;"Los Lagos";102;"Chiloé";10205;"Dalcahue";0,0342612419700214;0,0904472978693383;0,315740188984422
"221";10;"Los Lagos";102;"Chiloé";10206;"Puqueldón";-0,00261967135032148;-0,00546188553787696;-0,0205799812909261
"222";10;"Los Lagos";102;"Chiloé";10207;"Queilén";0,00144560896277568;0,00910415149308075;0,034920634920635
"223";10;"Los Lagos";102;"Chiloé";10208;"Quellón";0,0376338532520746;0,10017523364486;0,296562405885643
"224";10;"Los Lagos";102;"Chiloé";10209;"Quemchi";-0,00296127562642368;-0,00522727272727275;-0,0127438818089546
"225";10;"Los Lagos";102;"Chiloé";10210;"Quinchao";-0,0161057692307692;-0,0396527451900516;-0,104278367436262
"226";10;"Los Lagos";103;"Osorno";10301;"Osorno";0,0230247887846997;0,0604815668064169;0,152396577531718
"227";10;"Los Lagos";103;"Osorno";10302;"Puerto Octay";-0,0173611111111112;-0,0509327185076504;-0,130317871890906
"228";10;"Los Lagos";103;"Osorno";10303;"Purranque";-0,00536027702670649;-0,0107567465559539;-0,0264196499048149
"229";10;"Los Lagos";103;"Osorno";10304;"Puyehue";0,00493197278911572;0,0140724214861849;0,0386711197046932
"230";10;"Los Lagos";103;"Osorno";10305;"Río Negro";-0,0152415577151647;-0,0335529024289831;-0,0741471110234667
"231";10;"Los Lagos";103;"Osorno";10306;"San Juan de la Costa";-0,034590377113134;-0,0792508991690438;-0,17748725902947
"232";10;"Los Lagos";103;"Osorno";10307;"San Pablo";-0,000948136910969954;9,49126803340139e-05;0,0018064270773912
"233";10;"Los Lagos";104;"Palena";10401;"Chaitén";0,0153969206158768;0,01316839584996;-0,226032616979119
"234";10;"Los Lagos";104;"Palena";10402;"Futaleufú";0,0512635379061372;0,132633216647219;0,441584158415842
"235";10;"Los Lagos";104;"Palena";10403;"Hualaihué";0,0104353325603457;0,0350934024403413;0,107439926062847
"236";10;"Los Lagos";104;"Palena";10404;"Palena";0,00219538968166844;0,0110741971207087;0,0446224256292906
"237";11;"Aysén del General Carlos Ibáñez del Campo";111;"Coyhaique";11101;"Coyhaique";0,0201242971293283;0,0637612083597647;0,19165690360497
"238";11;"Aysén del General Carlos Ibáñez del Campo";111;"Coyhaique";11102;"Lago Verde";-0,00544069640914036;-0,00975081256771393;-0,05870236869207
"239";11;"Aysén del General Carlos Ibáñez del Campo";112;"Aysén";11201;"Aysén";0,0135852090032154;0,0452623725441432;0,111169861202908
"240";11;"Aysén del General Carlos Ibáñez del Campo";112;"Aysén";11202;"Cisnes";0,0122392690915358;0,0407656859269763;0,0764436296975253
"241";11;"Aysén del General Carlos Ibáñez del Campo";112;"Aysén";11203;"Guaitecas";0,0125707102451289;0,0433937823834196;0,0996587030716725
"242";11;"Aysén del General Carlos Ibáñez del Campo";113;"Capitán Prat";11301;"Cochrane";0,0221311475409836;0,0709991411394217;0,21342847875446
"243";11;"Aysén del General Carlos Ibáñez del Campo";113;"Capitán Prat";11302;"O'Higgins";0,0305343511450382;0,10655737704918;0,371951219512195
"244";11;"Aysén del General Carlos Ibáñez del Campo";113;"Capitán Prat";11303;"Tortel";0,0317460317460319;0,0893854748603351;0,247334754797441
"245";11;"Aysén del General Carlos Ibáñez del Campo";114;"General Carrera";11401;"Chile Chico";0,0131475667189953;0,0455650060753341;0,121903520208605
"246";11;"Aysén del General Carlos Ibáñez del Campo";114;"General Carrera";11402;"Río Ibáñez";0,00892525102268493;0,030775075987842;0,060594214229867
"247";12;"Magallanes y de la Antártica Chilena";121;"Magallanes";12101;"Punta Arenas";0,0398267347929095;0,106106957148822;0,193234301811392
"248";12;"Magallanes y de la Antártica Chilena";121;"Magallanes";12102;"Laguna Blanca";-0,0676691729323309;-0,178807947019868;-0,585284280936455
"249";12;"Magallanes y de la Antártica Chilena";121;"Magallanes";12103;"Río Verde";-0,0375586854460094;-0,0929203539823009;-0,380664652567976
"250";12;"Magallanes y de la Antártica Chilena";121;"Magallanes";12104;"San Gregorio";-0,0510204081632653;-0,136604774535809;-0,434404865334492
"251";12;"Magallanes y de la Antártica Chilena";122;"Antártica Chilena";12201;"Cabo de Hornos";-0,00404858299595146;-0,00806451612903225;-0,106267029972752
"252";12;"Magallanes y de la Antártica Chilena";122;"Antártica Chilena";12202;"Antártica";0,152671755725191;0,495049504950495;1,96078431372549
"253";12;"Magallanes y de la Antártica Chilena";123;"Tierra del Fuego";12301;"Porvenir";0,0621696801112657;0,179095260151305;0,457999236349752
"254";12;"Magallanes y de la Antártica Chilena";123;"Tierra del Fuego";12302;"Primavera";-0,0316091954022989;-0,0953020134228187;-0,368913857677903
"255";12;"Magallanes y de la Antártica Chilena";123;"Tierra del Fuego";12303;"Timaukel";-0,0247349823321554;-0,0769230769230769;-0,303030303030303
"256";12;"Magallanes y de la Antártica Chilena";124;"Última Esperanza";12401;"Natales";0,0520223807286551;0,136955317577548;0,261446276759193
"257";12;"Magallanes y de la Antártica Chilena";124;"Última Esperanza";12402;"Torres del Paine";0,0831663326653307;0,264327485380117;0,90652557319224
"258";13;"Metropolitana de Santiago";131;"Santiago";13101;"Santiago";0,118211807623891;0,459058880916837;1,29574619721755
"259";13;"Metropolitana de Santiago";131;"Santiago";13102;"Cerrillos";0,0246091619705509;0,095438809596113;0,200010645234262
"260";13;"Metropolitana de Santiago";131;"Santiago";13103;"Cerro Navia";-0,0125175032884967;-0,0187629126786694;-0,0829611727000473
"261";13;"Metropolitana de Santiago";131;"Santiago";13104;"Conchalí";-0,00355783671862464;0,0118228862056458;-0,0455592955208871
"262";13;"Metropolitana de Santiago";131;"Santiago";13105;"El Bosque";-0,00951675637220317;-0,0192449823313393;-0,0587456222015339
"263";13;"Metropolitana de Santiago";131;"Santiago";13106;"Estación Central";0,190289981011232;0,641291725530514;0,771692961165048
"264";13;"Metropolitana de Santiago";131;"Santiago";13107;"Huechuraba";0,0793304752348809;0,221919307702634;0,501973826176362
"265";13;"Metropolitana de Santiago";131;"Santiago";13108;"Independencia";0,184538634138067;0,686267192079295;1,0967979690443
"266";13;"Metropolitana de Santiago";131;"Santiago";13109;"La Cisterna";0,026429800587104;0,0812070160473424;0,13345330978516
"267";13;"Metropolitana de Santiago";131;"Santiago";13110;"La Florida";0,0265032851875469;0,0661108784420479;0,0768671475104701
"268";13;"Metropolitana de Santiago";131;"Santiago";13111;"La Granja";-0,0255851176768419;-0,0531807685898605;-0,125494708451819
"269";13;"Metropolitana de Santiago";131;"Santiago";13112;"La Pintana";0,00122915209697583;-0,00113111409452726;-0,0312443931821095
"270";13;"Metropolitana de Santiago";131;"Santiago";13113;"La Reina";0,00180747831530903;0,0197972986863475;-0,00629006410256405
"271";13;"Metropolitana de Santiago";131;"Santiago";13114;"Las Condes";0,0628593698288633;0,191920943735887;0,333545480299438
"272";13;"Metropolitana de Santiago";131;"Santiago";13115;"Lo Barnechea";0,099069104327407;0,30513977273859;0,655399345686966
"273";13;"Metropolitana de Santiago";131;"Santiago";13116;"Lo Espejo";-0,0284534411392955;-0,0579132517495603;-0,147058574393291
"274";13;"Metropolitana de Santiago";131;"Santiago";13117;"Lo Prado";-0,0100183297611313;-0,00413650465356774;-0,0670992505940413
"275";13;"Metropolitana de Santiago";131;"Santiago";13118;"Macul";0,0605057217533935;0,15823971605083;0,19661497747066
"276";13;"Metropolitana de Santiago";131;"Santiago";13119;"Maipú";0,0355554614374656;0,0955977214721933;0,194888230958131
"277";13;"Metropolitana de Santiago";131;"Santiago";13120;"Ñuñoa";0,108630006687352;0,300660792951542;0,550715207009145
"278";13;"Metropolitana de Santiago";131;"Santiago";13121;"Pedro Aguirre Cerda";-0,0255864931672963;-0,0471751463961909;-0,138670844327177
"279";13;"Metropolitana de Santiago";131;"Santiago";13122;"Peñalolén";0,0405882532371467;0,110784146132995;0,205957473133484
"280";13;"Metropolitana de Santiago";131;"Santiago";13123;"Providencia";0,0619180814006191;0,187963117218001;0,335045462315525
"281";13;"Metropolitana de Santiago";131;"Santiago";13124;"Pudahuel";0,0533487418813192;0,131778988219108;0,27903542825851
"282";13;"Metropolitana de Santiago";131;"Santiago";13125;"Quilicura";0,134226200269834;0,399097860335791;1,00967873593376
"283";13;"Metropolitana de Santiago";131;"Santiago";13126;"Quinta Normal";0,0885680513340088;0,257362980300371;0,254216153594453
"284";13;"Metropolitana de Santiago";131;"Santiago";13127;"Recoleta";0,0811036421949827;0,257118772869796;0,240115912813406
"285";13;"Metropolitana de Santiago";131;"Santiago";13128;"Renca";0,0276277903438196;0,081069257842793;0,166514089543699
"286";13;"Metropolitana de Santiago";131;"Santiago";13129;"San Joaquín";0,0106932478657611;0,0349575952225623;-0,0114369529579814
"287";13;"Metropolitana de Santiago";131;"Santiago";13130;"San Miguel";0,153353213628577;0,402515238021758;0,757156148427399
"288";13;"Metropolitana de Santiago";131;"Santiago";13131;"San Ramón";-0,0326625905849447;-0,0693006549757025;-0,161540773392106
"289";13;"Metropolitana de Santiago";131;"Santiago";13132;"Vitacura";0,0322165496702829;0,119533494064854;0,155193962695361
"290";13;"Metropolitana de Santiago";132;"Cordillera";13201;"Puente Alto";0,0605977359017884;0,146659616328857;0,293349909181393
"291";13;"Metropolitana de Santiago";132;"Cordillera";13202;"Pirque";0,114971636952998;0,312596891521246;0,844748603351955
"292";13;"Metropolitana de Santiago";132;"Cordillera";13203;"San José de Maipo";0,0680711354309165;0,182682985942802;0,424432605998686
"293";13;"Metropolitana de Santiago";133;"Chacabuco";13301;"Colina";0,140082833195663;0,492931325310318;1,3501464599557
"294";13;"Metropolitana de Santiago";133;"Chacabuco";13302;"Lampa";0,176946876439997;0,611955100752829;2,14273158727369
"295";13;"Metropolitana de Santiago";133;"Chacabuco";13303;"Tiltil";0,0672173170037027;0,180033592273777;0,442448351084306
"296";13;"Metropolitana de Santiago";134;"Maipo";13401;"San Bernardo";0,0593064556804337;0,152490826749529;0,336082347801427
"297";13;"Metropolitana de Santiago";134;"Maipo";13402;"Buin";0,102779802964874;0,2760190783141;0,730042817760572
"298";13;"Metropolitana de Santiago";134;"Maipo";13403;"Calera de Tango";0,0849066743094615;0,225040453074434;0,559211203789517
"299";13;"Metropolitana de Santiago";134;"Maipo";13404;"Paine";0,0942374645339545;0,25759323337178;0,655550556742774
"300";13;"Metropolitana de Santiago";135;"Melipilla";13501;"Melipilla";0,0728134704199779;0,195975903614458;0,484654807960755
"301";13;"Metropolitana de Santiago";135;"Melipilla";13502;"Alhué";0,0889936235098421;0,251353934374005;0,65563751317176
"302";13;"Metropolitana de Santiago";135;"Melipilla";13503;"Curacaví";0,0741041433370662;0,196687564330495;0,489633483460165
"303";13;"Metropolitana de Santiago";135;"Melipilla";13504;"María Pinto";0,065338591242861;0,167933810375671;0,429914217922979
"304";13;"Metropolitana de Santiago";135;"Melipilla";13505;"San Pedro";0,0715872202289425;0,191602545834521;0,456572224802601
"305";13;"Metropolitana de Santiago";136;"Talagante";13601;"Talagante";0,0624308911776765;0,157346253789519;0,357386625184527
"306";13;"Metropolitana de Santiago";136;"Talagante";13602;"El Monte";0,0747404315960911;0,192988898618683;0,48681570146101
"307";13;"Metropolitana de Santiago";136;"Talagante";13603;"Isla de Maipo";0,0750640326629981;0,200934844192635;0,535366339502372
"308";13;"Metropolitana de Santiago";136;"Talagante";13604;"Padre Hurtado";0,137657963591828;0,369917881682588;0,951512402416024
"309";13;"Metropolitana de Santiago";136;"Talagante";13605;"Peñaflor";0,077646204434044;0,201583517027307;0,503031667205942
"310";14;"Los Ríos";141;"Valdivia";14101;"Valdivia";0,0397962505068041;0,103076857836931;0,226928467468061
"311";14;"Los Ríos";141;"Valdivia";14102;"Corral";-0,0036737692872888;-0,00128889707236235;-0,0139974550081803
"312";14;"Los Ríos";141;"Valdivia";14103;"Lanco";0,0300159780871947;0,0759418216499761;0,165644171779141
"313";14;"Los Ríos";141;"Valdivia";14104;"Los Lagos";0,00156188988676309;0,00682007752318325;-0,00917431192660545
"314";14;"Los Ríos";141;"Valdivia";14105;"Máfil";-0,000677506775067727;0,00504224584355417;-0,00135409614082604
"315";14;"Los Ríos";141;"Valdivia";14106;"Mariquina";0,0430135557872784;0,113347555885354;0,269487043892121
"316";14;"Los Ríos";141;"Valdivia";14107;"Paillaco";0,0104704463208685;0,031066909556398;0,0516219744903084
"317";14;"Los Ríos";141;"Valdivia";14108;"Panguipulli";0,00975745748536383;0,0296207857183466;0,0491252462055383
"318";14;"Los Ríos";142;"Ranco";14201;"La Unión";0,00656593824468898;0,0147983438122987;-0,00782148033384977
"319";14;"Los Ríos";142;"Ranco";14202;"Futrono";-0,00439200262209116;-0,00380427653154924;-0,0205713548719932
"320";14;"Los Ríos";142;"Ranco";14203;"Lago Ranco";-0,000875401225561734;0,00341897040148487;-0,00849420849420846
"321";14;"Los Ríos";142;"Ranco";14204;"Río Bueno";0,00398576079350099;0,00800342130987297;-0,0253138384285925
"322";15;"Arica y Parinacota";151;"Arica";15101;"Arica";0,0604222506288401;0,165299704554929;0,331602139569083
"323";15;"Arica y Parinacota";151;"Arica";15102;"Camarones";0,0146579804560261;0,0461796809403863;0,0658682634730539
"324";15;"Arica y Parinacota";152;"Parinacota";15201;"Putre";0,0304853590052145;0,0964575330772515;0,178981184029371
"325";15;"Arica y Parinacota";152;"Parinacota";15202;"General Lagos";-0,00496894409937887;-0,00743494423791824;-0,120746432491767
"326";16;"Ñuble";161;"Diguillín";16101;"Chillán";0,0367685531843558;0,0941046548405946;0,194129142482681
"327";16;"Ñuble";161;"Diguillín";16102;"Bulnes";0,0103907637655418;0,0344608110565556;0,063469807440643
"328";16;"Ñuble";161;"Diguillín";16103;"Chillán Viejo";0,0687573217986843;0,191800093789777;0,515719519468348
"329";16;"Ñuble";161;"Diguillín";16104;"El Carmen";-0,0122287010042113;-0,0233023702754644;-0,0716242959354544
"330";16;"Ñuble";161;"Diguillín";16105;"Pemuco";-0,00659722222222225;-0,0111751152073732;-0,0508680747539534
"331";16;"Ñuble";161;"Diguillín";16106;"Pinto";0,0337832102537985;0,0869254796965639;0,174558780981773
"332";16;"Ñuble";161;"Diguillín";16107;"Quillón";0,0376263169210922;0,0988785791540958;0,216
"333";16;"Ñuble";161;"Diguillín";16108;"San Ignacio";0,000120496445354945;0,00746495114401902;-0,00186398893632378
"334";16;"Ñuble";161;"Diguillín";16109;"Yungay";0,0181631439537273;0,0495375013930681;0,0860289453958369
"335";16;"Ñuble";162;"Itata";16201;"Quirihue";0,00707527766351301;0,0241800535475234;0,0343050274609209
"336";16;"Ñuble";162;"Itata";16202;"Cobquecura";-0,010793410338951;-0,0231862378459237;-0,0847932725998598
"337";16;"Ñuble";162;"Itata";16203;"Coelemu";0,00601190476190472;0,0195451529227242;0,0175808296706605
"338";16;"Ñuble";162;"Itata";16204;"Ninhue";-0,0125438111049622;-0,0267272727272727;-0,0886959482465101
"339";16;"Ñuble";162;"Itata";16205;"Portezuelo";-0,0149494949494949;-0,0336900515259612;-0,109080942810159
"340";16;"Ñuble";162;"Itata";16206;"Ránquil";0,00881692850272531;0,0335030382657251;0,0675148430873622
"341";16;"Ñuble";162;"Itata";16207;"Treguaco";0,0174695606140816;0,0479825517993457;0,0830202854996243
"342";16;"Ñuble";163;"Punilla";16301;"San Carlos";0,0201305086260839;0,0541474228708665;0,0950315684430711
"343";16;"Ñuble";163;"Punilla";16302;"Coihueco";0,0326855437524425;0,0828924819313017;0,169509938038143
"344";16;"Ñuble";163;"Punilla";16303;"Ñiquén";-0,00259605399792318;-0,000346921075455309;-0,0228062738448496
"345";16;"Ñuble";163;"Punilla";16304;"San Fabián";0,0403733449099197;0,108720795743696;0,274395107684127
"346";16;"Ñuble";163;"Punilla";16305;"San Nicolás";0,0347199204507789;0,0924759405074365;0,227826941986234
